StartDate,EndDate,Status,IPAddress,Progress,Duration (in seconds),Finished,RecordedDate,ResponseId,RecipientLastName,RecipientFirstName,RecipientEmail,ExternalReference,LocationLatitude,LocationLongitude,DistributionChannel,UserLanguage,Q3,Q4,Q94,Q1,Q2,Q6,Q8,Q9,Q10,Q11,Q12,Q13,Q14,Q15,Q16,Q17,Q18,Q19,Q20,Q21,Q22,Q23,Q24,Q25,Q26,Q27,Q28,Q29,Q30,Q31,Q32,Q33,Q34,Q35,Q36,Q37,Q38,Q39,Q40,Q41,Q42,Q43,Q44,Q45,Q46,Q47,Q48,Q49,Q50,Q51,Q52,Q53,Q54,Q55,Q56,Q57,Q58,Q59,Q60,Q61,Q62,Q63,Q64,Q65,Q66,Q67,Q68,Q69,Q70,Q71,Q72,Q73,Q74,Q75,Q76,Q77,Q78,Q79,Q80,Q81,Q82,Q83,Q84,Q85,Q86,Q87,Q88,Q89,Q90,Q91,id,id - Topics
Start Date,End Date,Response Type,IP Address,Progress,Duration (in seconds),Finished,Recorded Date,Response ID,Recipient Last Name,Recipient First Name,Recipient Email,External Data Reference,Location Latitude,Location Longitude,Distribution Channel,User Language,"I understand that my participation is voluntary and that I am free to withdraw at any time, and that my data are recorded for statistical purposes.",What is your gender?,What is your age?,What is your area of study?,In which country did you spend most of your childhood?,"First, here's an example. Click on the object you would take:","Which of these objects would you take? You pick first, then the other!","Which of these objects would you take? You pick first, then the other!","Which of these objects would you take? You pick first, then the other!","Which of these objects would you take? You pick first, then the other!","Which of these objects would you take? You pick first, then the other!","Which of these objects would you take? You pick first, then the other!","Which of these objects would you take? You pick first, then the other!","Which of these objects would you take? You pick first, then the other!","Which of these objects would you take? You pick first, then the other!","Which of these objects would you take? You pick first, then the other!","Which of these objects would you take? You pick first, then the other!","Which of these objects would you take? You pick first, then the other!","Which of these objects would you take? You pick first, then the other!","Which of these objects would you take? You pick first, then the other!","Which of these objects would you take? You pick first, then the other!","Which of these objects would you take? You pick first, then the other!","Which of these objects would you take? You pick first, then the other!","Which of these objects would you take? You pick first, then the other!","Which of these objects would you take? You pick first, then the other!","Which of these objects would you take? You pick first, then the other!","Which of these objects would you take? You pick first, then the other!","Which of these objects would you take? You pick first, then the other!","Which of these objects would you take? You pick first, then the other!","Which of these objects would you take? You pick first, then the other!",I would be quite bored by a visit to an art gallery.,"I plan ahead and organise things, to avoid scrambling at the last minute.","I rarely hold a grudge, even against people who have badly wronged me.",I feel reasonably satisfied with myself overall.,I would feel afraid if I had to travel in bad weather conditions.,"I wouldn't use flattery to get a raise or promotion at work, even if I thought it would succeed.",I'm interested in learning about the history and politics of other countries.,I often push myself very hard when trying to achieve a goal.,People sometimes tell me that I am too critical of others.,I rarely express my opinions in group meetings.,I sometimes can't help worrying about little things.,"If I knew that I could never get caught, I would be willing to steal a million dollars.","I would enjoy creating a work of art, such as a novel, a song, or a painting.","When working on something, I don't pay much attention to small details.",People sometimes tell me that I'm too stubborn.,I prefer jobs that involve active social interaction to those that involve working alone.,"When I suffer from a painful experience, I need someone to make me feel comfortable.",Having a lot of money is not especially important to me.,I think that paying attention to radical ideas is a waste of time.,I make decisions based on the feeling of the moment rather than on careful thought.,People think of me as someone who has a quick temper.,"On most days, I feel cheerful and optimistic.",I feel like crying when I see other people crying.,I think that I am entitled to more respect than the average person is.,"If I had the opportunity, I would like to attend a classical music concert.","When working, I sometimes have difficulties due to being disorganized.",My attitude toward people who have treated me badly is “forgive and forget”.,I feel that I am an unpopular person.,"When it comes to physical danger, I am very fearful.","If I want something from someone, I will laugh at that person's worst jokes.",I’ve never really enjoyed looking through an encyclopedia.,I do only the minimum amount of work needed to get by.,I tend to be lenient in judging other people.,"In social situations, I’m usually the one who makes the first move.",I worry a lot less than most people do,"I would never accept a bribe, even if it was very large.",People have often told me that I have a good imagination.,"I always try to be accurate in my work, even at the expense of time.",I am usually quite flexible in my opinions when people disagree with me.,The first thing that I always do in a new place is to make friends.,I can handle difficult situations without needing emotional support from anyone else.,I would get a lot of pleasure from owning expensive luxury goods.,I like people who have unconventional views.,I make a lot of mistakes because I don’t think before I act.,Most people tend to get angry more quickly than I do.,Most people are more upbeat and dynamic than I generally am.,I feel strong emotions when someone close to me is going away for a long time.,I want people to know that I am an important person of high status.,I don’t think of myself as the artistic or creative type.,People often call me a perfectionist.,"Even when people make a lot of mistakes, I rarely say anything negative.",I sometimes feel that I am a worthless person.,Even in an emergency I wouldn't feel like panicking.,I wouldn’t pretend to like someone just to get that person to do favors for me.,I find it boring to discuss philosophy.,"I prefer to do whatever comes to mind, rather than stick to a plan.","When people tell me that I’m wrong, my first reaction is to argue with them.","When I’m in a group of people, I’m often the one who speaks on behalf of the group.",I remain unemotional even in situations where most people get very sentimental.,"I’d be tempted to use counterfeit money, if I were sure I could get away with it.",id,id - Topics
"{""ImportId"":""startDate"",""timeZone"":""Europe/London""}","{""ImportId"":""endDate"",""timeZone"":""Europe/London""}","{""ImportId"":""status""}","{""ImportId"":""ipAddress""}","{""ImportId"":""progress""}","{""ImportId"":""duration""}","{""ImportId"":""finished""}","{""ImportId"":""recordedDate"",""timeZone"":""Europe/London""}","{""ImportId"":""_recordId""}","{""ImportId"":""recipientLastName""}","{""ImportId"":""recipientFirstName""}","{""ImportId"":""recipientEmail""}","{""ImportId"":""externalDataReference""}","{""ImportId"":""locationLatitude""}","{""ImportId"":""locationLongitude""}","{""ImportId"":""distributionChannel""}","{""ImportId"":""userLanguage""}","{""ImportId"":""QID3""}","{""ImportId"":""QID4""}","{""ImportId"":""QID94_TEXT""}","{""ImportId"":""QID1""}","{""ImportId"":""QID2_TEXT""}","{""ImportId"":""QID6""}","{""ImportId"":""QID8""}","{""ImportId"":""QID9""}","{""ImportId"":""QID10""}","{""ImportId"":""QID11""}","{""ImportId"":""QID12""}","{""ImportId"":""QID13""}","{""ImportId"":""QID14""}","{""ImportId"":""QID15""}","{""ImportId"":""QID16""}","{""ImportId"":""QID17""}","{""ImportId"":""QID18""}","{""ImportId"":""QID19""}","{""ImportId"":""QID20""}","{""ImportId"":""QID21""}","{""ImportId"":""QID22""}","{""ImportId"":""QID23""}","{""ImportId"":""QID24""}","{""ImportId"":""QID25""}","{""ImportId"":""QID26""}","{""ImportId"":""QID27""}","{""ImportId"":""QID28""}","{""ImportId"":""QID29""}","{""ImportId"":""QID30""}","{""ImportId"":""QID31""}","{""ImportId"":""QID32""}","{""ImportId"":""QID33""}","{""ImportId"":""QID34""}","{""ImportId"":""QID35""}","{""ImportId"":""QID36""}","{""ImportId"":""QID37""}","{""ImportId"":""QID38""}","{""ImportId"":""QID39""}","{""ImportId"":""QID40""}","{""ImportId"":""QID41""}","{""ImportId"":""QID42""}","{""ImportId"":""QID43""}","{""ImportId"":""QID44""}","{""ImportId"":""QID45""}","{""ImportId"":""QID46""}","{""ImportId"":""QID47""}","{""ImportId"":""QID48""}","{""ImportId"":""QID49""}","{""ImportId"":""QID50""}","{""ImportId"":""QID51""}","{""ImportId"":""QID52""}","{""ImportId"":""QID53""}","{""ImportId"":""QID54""}","{""ImportId"":""QID55""}","{""ImportId"":""QID56""}","{""ImportId"":""QID57""}","{""ImportId"":""QID58""}","{""ImportId"":""QID59""}","{""ImportId"":""QID60""}","{""ImportId"":""QID61""}","{""ImportId"":""QID62""}","{""ImportId"":""QID63""}","{""ImportId"":""QID64""}","{""ImportId"":""QID65""}","{""ImportId"":""QID66""}","{""ImportId"":""QID67""}","{""ImportId"":""QID68""}","{""ImportId"":""QID69""}","{""ImportId"":""QID70""}","{""ImportId"":""QID71""}","{""ImportId"":""QID72""}","{""ImportId"":""QID73""}","{""ImportId"":""QID74""}","{""ImportId"":""QID75""}","{""ImportId"":""QID76""}","{""ImportId"":""QID77""}","{""ImportId"":""QID78""}","{""ImportId"":""QID79""}","{""ImportId"":""QID80""}","{""ImportId"":""QID81""}","{""ImportId"":""QID82""}","{""ImportId"":""QID83""}","{""ImportId"":""QID84""}","{""ImportId"":""QID85""}","{""ImportId"":""QID86""}","{""ImportId"":""QID87""}","{""ImportId"":""QID88""}","{""ImportId"":""QID89""}","{""ImportId"":""QID90""}","{""ImportId"":""QID91""}","{""ImportId"":""id""}","{""ImportId"":""id_7fb5e37e7cb64f67b0caee75Topics""}"
04/06/2018 16:40,04/06/2018 16:40,1,,100,29,1,04/06/2018 16:40,R_3ReKudhJ0YMUAZB,,,,,52.41670227,-1.550003052,preview,EN,2,1,23,2,Netherlands,,,,,,,,,,,,,,,,,,,,,,,,,,,,,,,,,,,,,,,,,,,,,,,,,,,,,,,,,,,,,,,,,,,,,,,,,,,,,,,,,,,,,,,
04/06/2018 16:51,04/06/2018 16:51,1,,100,25,1,04/06/2018 16:51,R_3s6BnzL30ZdkL9j,,,,,52.41670227,-1.550003052,preview,EN,,,,,,,,,,,,,,,,,,,,,,,,,,,,,,,,,,,,,,,,,,,,,,,,,,,,,,,,,,,,,,,,,,,,,,,,,,,,,,,,,,,,,,,,,,,,
04/06/2018 22:31,04/06/2018 22:31,0,5.151.22.39,100,16,1,04/06/2018 22:31,R_Z8ICUQT9iBHJPsB,,,,,52.40660095,-1.512207031,anonymous,EN,2,4,0,7,0,,,,,,,,,,,,,,,,,,,,,,,,,,,,,,,,,,,,,,,,,,,,,,,,,,,,,,,,,,,,,,,,,,,,,,,,,,,,,,,,,,,,,,%SURVEY_CODE%,Unknown
04/06/2018 22:32,04/06/2018 22:34,0,5.151.22.39,100,155,1,04/06/2018 22:34,R_06Drn65hE1oqCvT,,,,,52.40660095,-1.512207031,anonymous,EN,1,4,1,7,.,1,1,1,1,0,0,1,0,1,0,0,0,1,3,4,3,2,3,3,3,2,3,1,2,3,5,1,1,1,1,1,1,1,5,5,1,5,1,5,5,1,1,1,5,5,5,1,1,5,1,5,1,5,1,5,5,5,1,1,5,1,1,1,1,1,5,5,1,5,1,5,1,5,5,1,1,5,5,1,5,5,5,1,5,5,%SURVEY_CODE%,Unknown
05/06/2018 00:44,05/06/2018 00:46,0,5.151.22.39,100,123,1,05/06/2018 00:46,R_1fgaA31aujSfR3k,,,,,52.40660095,-1.512207031,anonymous,EN,1,4,2,7,.,2,0,1,1,1,1,1,1,1,1,0,1,0,2,3,2,1,3,1,1,1,2,2,1,2,1,5,5,5,5,5,5,5,1,1,5,1,5,1,1,5,5,5,1,1,1,5,5,1,5,1,5,1,5,1,1,1,5,5,1,5,5,5,5,5,1,1,5,1,5,1,5,1,1,5,5,1,1,5,1,1,1,5,1,1,21744,Unknown
05/06/2018 12:51,05/06/2018 12:53,0,137.205.238.206,100,95,1,05/06/2018 12:53,R_2diIUkriXGPhdd7,,,,,52.41670227,-1.550003052,anonymous,EN,1,4,123,7,123,1,1,0,1,1,1,1,1,0,1,1,0,0,1,4,4,1,3,4,2,1,2,1,2,3,2,4,4,4,4,4,3,4,2,2,4,2,4,2,2,4,4,3,2,2,2,3,4,3,4,2,4,2,4,2,4,2,4,4,2,4,4,4,4,4,3,2,4,2,4,2,4,2,2,4,4,2,2,4,2,2,2,4,2,2,21744,Unknown
05/06/2018 18:28,05/06/2018 18:35,0,137.205.238.177,100,378,1,05/06/2018 18:35,R_2TH9vbS9HfkoiEt,,,,,52.41670227,-1.550003052,anonymous,EN,1,2,21,4,Nigeria,1,1,1,0,0,0,0,0,0,0,0,0,0,4,4,1,1,3,2,2,2,2,3,2,3,2,5,4,3,5,5,3,5,4,4,5,4,2,4,2,2,4,3,4,4,4,4,5,4,2,4,4,3,4,2,3,5,4,3,5,4,4,4,4,4,2,3,2,5,2,4,5,4,2,3,4,2,4,3,4,5,4,3,5,4,18183,Unknown
05/06/2018 18:36,05/06/2018 18:51,0,86.159.45.159,100,896,1,05/06/2018 18:51,R_5j5vxp9UiUO1YfT,,,,,52.41670227,-1.550003052,anonymous,EN,1,1,32,7,Uganda,2,1,1,1,1,1,0,1,0,1,1,1,1,4,2,4,3,1,4,2,2,3,2,3,1,1,4,2,4,3,4,3,4,2,3,4,1,1,2,2,2,4,1,3,4,3,4,3,4,3,2,3,3,2,2,4,3,2,3,3,3,4,4,4,4,2,1,4,2,3,3,2,3,1,3,2,1,4,4,1,2,4,3,2,2,22150,Unknown
05/06/2018 18:47,05/06/2018 18:56,0,137.205.1.100,100,506,1,05/06/2018 18:56,R_3jYyK2wx31oqYzT,,,,,52.41670227,-1.550003052,anonymous,EN,1,1,20,7,Malaysia,2,1,1,1,0,1,1,1,0,1,1,0,1,3,2,4,4,1,3,1,1,2,1,3,1,2,2,4,3,2,5,2,2,4,5,2,5,4,4,4,4,3,3,4,4,5,4,1,3,1,1,4,4,4,5,2,2,5,4,2,5,4,2,4,4,4,5,5,2,5,4,4,4,1,1,2,2,4,5,4,3,4,3,2,5,21828,Unknown
05/06/2018 20:12,05/06/2018 20:20,0,137.205.1.41,100,466,1,05/06/2018 20:20,R_2En6ZeHNTLxJ406,,,,,52.41670227,-1.550003052,anonymous,EN,1,1,19,4,UK,1,0,0,0,0,0,0,0,0,0,0,0,0,2,3,1,1,1,3,2,1,1,1,1,2,2,3,5,4,3,2,5,5,1,2,5,1,5,2,3,4,5,5,2,2,5,4,4,4,4,2,4,3,4,2,5,3,5,4,2,4,5,4,4,5,2,4,3,2,4,1,4,5,2,3,4,2,2,3,5,2,2,4,4,4,22321,Unknown
05/06/2018 20:25,05/06/2018 20:31,0,137.205.1.247,100,358,1,05/06/2018 20:31,R_bdsvovUFj9vUICJ,,,,,52.41670227,-1.550003052,anonymous,EN,1,1,19,5,UK,1,1,1,0,0,1,1,1,0,0,1,1,1,3,3,3,3,2,4,1,1,3,1,3,3,2,3,2,4,3,3,3,5,2,4,5,4,4,1,2,5,4,3,2,3,4,3,3,4,3,3,2,3,4,4,2,4,3,1,2,4,4,4,4,3,4,3,3,2,3,4,5,4,2,4,2,3,4,3,4,3,4,4,4,4,22117,Unknown
05/06/2018 20:33,05/06/2018 20:43,0,137.205.1.150,100,542,1,05/06/2018 20:43,R_1OIHlgzVTByHJMo,,,,,52.41670227,-1.550003052,anonymous,EN,1,2,28,1,India,2,1,0,0,1,1,1,1,0,1,0,1,1,4,3,3,3,1,3,1,3,2,3,3,1,3,4,4,2,3,4,1,5,4,4,4,5,5,5,1,5,1,2,4,1,2,5,2,4,5,4,4,4,2,5,4,5,4,3,2,4,4,5,4,3,1,4,5,2,3,2,2,5,2,3,2,5,1,2,5,4,2,2,2,4,21208,Unknown
05/06/2018 20:41,05/06/2018 20:49,0,137.205.1.174,100,518,1,05/06/2018 20:49,R_2OPEghpZ1woLOO7,,,,,52.41670227,-1.550003052,anonymous,EN,1,2,19,1,United Kingdom,1,1,0,1,1,0,1,1,0,1,0,0,1,4,2,4,4,2,4,2,1,3,1,3,2,3,4,2,2,2,3,3,4,2,2,5,3,1,5,3,1,4,4,4,5,2,2,5,5,3,5,2,3,2,5,2,3,3,2,5,3,1,5,4,3,3,4,3,4,1,2,5,5,1,5,4,1,5,1,4,4,4,1,5,5,21987,Unknown
06/06/2018 00:03,06/06/2018 00:13,0,37.152.201.114,100,565,1,06/06/2018 00:13,R_3khRYSoZeuEQFhr,,,,,52.13710022,-1.666793823,anonymous,EN,1,1,26,3,China,2,0,1,1,1,0,1,1,0,1,1,1,1,4,1,4,1,1,3,2,1,3,3,1,2,3,5,2,5,3,4,3,5,3,4,2,3,2,5,4,3,2,4,4,4,4,5,2,2,4,4,2,4,3,4,3,4,2,2,2,3,4,4,4,4,2,3,4,5,3,4,3,2,3,4,2,4,2,2,3,4,3,4,2,5,19160,Unknown
06/06/2018 10:52,06/06/2018 10:57,0,137.205.238.192,100,295,1,06/06/2018 10:57,R_1IbXoswOmGW5yjr,,,,,52.41670227,-1.550003052,anonymous,EN,1,2,22,1,Malaysia,1,1,1,1,1,1,1,1,0,1,1,1,1,3,1,4,4,2,4,1,2,3,3,3,3,2,3,4,4,4,5,2,4,2,2,4,5,4,2,2,4,4,4,2,2,2,4,3,3,2,2,4,2,4,5,4,2,4,4,2,4,2,4,4,4,2,2,2,4,4,2,4,3,2,2,2,2,4,5,2,2,2,2,2,5,18679,Unknown
06/06/2018 00:19,06/06/2018 13:23,0,5.151.196.147,100,47069,1,06/06/2018 13:23,R_2fJxaZIcFbQe9RO,,,,,52.40660095,-1.512207031,anonymous,EN,1,2,23,1,India,1,1,1,1,0,0,0,1,1,0,1,1,1,4,2,3,3,1,1,2,2,3,1,3,2,3,4,4,3,4,4,2,4,1,1,5,4,2,4,3,4,1,2,3,2,4,3,3,3,4,4,4,2,4,4,4,4,2,4,5,4,4,4,5,5,2,2,4,2,4,2,4,2,3,3,4,4,3,3,3,2,3,4,5,5,22184,Unknown
06/06/2018 21:51,06/06/2018 22:08,0,82.44.39.212,100,993,1,06/06/2018 22:08,R_26fNm4axcWt7xCz,,,,,52.44140625,-1.499893188,anonymous,EN,1,2,22,1,Malaysia,2,1,0,1,1,1,1,1,0,0,1,0,1,3,3,4,2,2,3,2,3,1,1,1,3,4,5,4,3,2,4,4,3,5,2,5,5,3,4,4,2,2,4,4,4,4,4,5,5,3,3,4,1,4,5,4,3,5,1,3,5,3,5,5,2,2,4,3,4,4,1,4,5,3,5,3,2,4,5,3,3,4,2,5,5,20595,
07/06/2018 11:48,07/06/2018 12:01,0,137.205.238.43,100,799,1,07/06/2018 12:01,R_2ymeVH7lNgKLPzI,,,,,52.41670227,-1.550003052,anonymous,EN,1,2,21,2,Malaysia,2,1,1,1,1,1,0,1,1,0,1,0,0,2,1,1,3,4,4,2,3,1,3,1,1,5,3,2,3,5,5,5,5,4,4,5,1,5,3,1,5,5,5,1,3,3,5,5,1,4,3,4,2,5,1,3,2,1,4,4,5,4,4,4,4,3,2,5,2,4,3,4,1,4,4,2,4,3,2,1,2,2,4,3,2,20094,
05/06/2018 20:13,05/06/2018 20:14,0,137.205.1.177,6,63,0,07/06/2018 20:13,R_8HPz8VJvapkNMBj,,,,,,,anonymous,EN,1,1,19,5,England,,,,,,,,,,,,,,,,,,,,,,,,,,,,,,,,,,,,,,,,,,,,,,,,,,,,,,,,,,,,,,,,,,,,,,,,,,,,,,,,,,,,,,22117,
06/06/2018 17:36,06/06/2018 17:37,0,137.205.1.158,5,24,0,08/06/2018 17:36,R_2f7qZy4xaOqzibC,,,,,,,anonymous,EN,1,2,24,1,UAE,,,,,,,,,,,,,,,,,,,,,,,,,,,,,,,,,,,,,,,,,,,,,,,,,,,,,,,,,,,,,,,,,,,,,,,,,,,,,,,,,,,,,,22084,
14/06/2018 23:35,14/06/2018 23:39,0,86.166.85.186,100,249,1,14/06/2018 23:39,R_wRIBhhrEzn8ovy9,,,,,52.41670227,-1.550003052,anonymous,EN,1,2,22,4,Malaysia,1,0,0,1,0,1,0,0,0,0,0,0,0,4,2,4,1,3,2,2,3,3,1,3,3,3,4,3,4,5,4,3,4,2,2,5,3,4,4,1,2,5,2,4,2,2,4,5,3,4,2,4,3,5,4,2,5,1,1,5,2,4,4,4,3,4,3,4,3,4,2,5,3,4,4,2,2,5,4,2,2,2,2,4,3,22324,
14/06/2018 23:40,14/06/2018 23:44,0,86.166.85.186,100,211,1,14/06/2018 23:44,R_3Jeih01RYbROYRp,,,,,52.41670227,-1.550003052,anonymous,EN,1,2,22,4,Malaysia,1,1,0,0,0,1,1,0,0,0,0,0,0,1,4,2,2,3,1,3,2,3,3,3,2,2,4,2,3,4,4,2,4,2,2,4,4,4,4,2,2,5,1,4,5,2,4,5,3,4,4,4,3,5,4,3,5,1,1,4,3,3,4,4,2,3,4,4,4,4,2,5,3,4,4,2,2,4,3,2,2,4,3,4,4,22324,
15/06/2018 14:29,15/06/2018 14:41,0,137.205.1.90,100,699,1,15/06/2018 14:41,R_1jCUvLDys2RW6cb,,,,,52.41670227,-1.550003052,anonymous,EN,1,1,36,2,China,1,1,1,1,1,1,0,0,0,0,1,0,0,1,1,4,1,1,2,2,2,2,1,3,1,3,4,3,4,4,4,4,4,3,4,4,2,4,4,2,2,2,2,4,4,3,4,3,2,4,2,4,4,4,4,2,4,4,2,3,4,4,5,2,2,2,2,4,4,3,3,4,3,4,4,3,4,4,4,2,4,3,4,3,4,22006,
15/06/2018 15:23,15/06/2018 15:31,0,137.205.238.81,100,490,1,15/06/2018 15:31,R_1mOaE6Unqk3Xa4O,,,,,52.41670227,-1.550003052,anonymous,EN,1,2,21,6,England,1,1,0,1,1,0,0,1,0,1,0,0,0,1,2,2,1,4,4,2,3,1,3,3,2,4,5,4,4,3,3,4,5,4,4,5,5,3,5,2,5,4,2,3,4,4,4,5,4,4,5,4,4,5,3,3,5,4,3,5,4,4,3,4,4,4,2,3,4,5,4,3,4,3,5,3,2,5,2,4,4,3,5,4,5,18486,
15/06/2018 15:35,15/06/2018 15:46,0,137.205.20.37,100,646,1,15/06/2018 15:46,R_1FIAGJGfgASmlu3,,,,,52.41670227,-1.550003052,anonymous,EN,1,1,26,7,India,1,1,1,0,0,0,1,0,0,0,0,0,0,1,3,2,1,3,2,3,1,1,1,1,2,3,5,4,4,3,5,5,5,5,5,4,2,3,5,4,5,4,5,1,5,3,4,4,3,3,5,4,3,3,5,3,5,5,3,3,5,5,5,5,5,2,3,3,5,3,3,4,3,5,5,4,4,4,1,5,3,4,2,4,5,22376,
15/06/2018 15:47,15/06/2018 15:53,0,137.205.20.37,100,384,1,15/06/2018 15:53,R_2zOLfI7b6ZqALHJ,,,,,52.41670227,-1.550003052,anonymous,EN,1,1,26,7,India,2,1,1,0,0,0,1,0,0,0,0,0,0,1,1,1,2,1,1,3,2,1,2,2,2,3,5,3,4,3,5,5,5,3,4,4,2,3,5,2,5,4,4,2,5,3,4,4,3,3,4,4,3,3,5,3,5,4,3,3,5,5,5,5,5,2,3,3,4,3,3,4,3,5,4,2,5,4,5,4,4,4,2,4,4,22376,
15/06/2018 22:33,15/06/2018 22:43,0,137.205.1.90,100,598,1,15/06/2018 22:43,R_DSq8xF0hklqni1j,,,,,52.41670227,-1.550003052,anonymous,EN,1,2,33,2,China,1,0,1,0,0,1,1,0,0,0,1,0,0,1,3,3,2,1,3,1,3,3,2,1,2,4,4,2,4,4,3,5,4,2,4,5,4,3,2,2,3,5,2,3,4,4,4,4,2,3,3,4,4,5,2,3,2,4,2,5,5,3,2,3,4,3,4,4,3,4,2,4,3,1,4,4,5,5,3,4,3,4,4,4,4,21889,
15/06/2018 22:53,15/06/2018 23:01,0,137.205.1.90,100,444,1,15/06/2018 23:01,R_3jfGnoJmdCdUFWs,,,,,52.41670227,-1.550003052,anonymous,EN,1,1,36,2,China,1,1,1,0,1,1,0,1,0,0,0,0,0,1,2,1,1,3,3,3,3,1,1,3,1,4,4,4,4,4,2,4,5,2,3,4,4,4,4,2,2,1,2,4,4,3,4,3,2,4,2,4,4,4,3,2,4,4,2,4,5,4,4,2,2,1,2,4,4,3,3,4,2,4,4,3,5,4,3,2,4,4,4,3,4,22006,
15/06/2018 22:57,15/06/2018 23:02,0,137.205.1.61,100,286,1,15/06/2018 23:02,R_2lR7vrUOwTYgnUl,,,,,52.41670227,-1.550003052,anonymous,EN,1,2,22,7,Malaysia,2,1,0,0,0,0,1,1,1,1,0,0,0,4,4,2,4,3,1,2,1,1,3,1,2,4,4,3,3,4,5,3,2,4,4,4,2,5,4,2,3,4,2,2,4,4,2,4,4,2,4,4,4,4,2,3,3,5,4,4,4,4,2,5,4,5,2,4,4,2,2,4,4,4,1,3,2,4,2,2,2,4,3,5,4,21755,
16/06/2018 00:49,16/06/2018 00:56,0,137.205.17.145,100,444,1,16/06/2018 00:56,R_31axvxoaiJ3qNxV,,,,,52.41670227,-1.550003052,anonymous,EN,1,1,19,4,United Arab Emirates,1,0,0,0,0,1,1,0,1,0,1,0,0,4,4,3,3,3,3,2,2,1,3,2,1,4,2,5,2,2,2,4,4,1,1,4,5,4,3,4,5,2,3,5,4,4,2,2,5,2,2,4,2,4,2,1,4,4,2,4,4,2,4,2,2,4,4,4,3,4,3,2,4,2,3,3,2,3,3,4,4,4,2,3,4,21634,
16/06/2018 06:04,16/06/2018 06:11,0,137.205.1.219,100,381,1,16/06/2018 06:11,R_2Y3M44YwpaFxhm2,,,,,52.41670227,-1.550003052,anonymous,EN,1,2,22,2,india,1,1,0,1,1,0,1,1,0,0,1,0,1,1,2,4,4,1,3,2,1,2,2,1,2,1,1,2,4,2,3,4,4,3,4,4,2,2,3,3,3,5,2,4,2,3,3,2,1,1,2,2,4,1,3,1,2,2,1,3,3,5,3,4,5,5,5,4,5,3,4,2,2,3,1,5,5,2,5,1,2,2,4,3,5,22312,
16/06/2018 07:58,16/06/2018 08:05,0,137.205.1.201,100,449,1,16/06/2018 08:05,R_2QoCILKwOOFTcOh,,,,,52.41670227,-1.550003052,anonymous,EN,1,1,19,6,England ,1,0,0,0,0,0,0,0,0,0,0,1,0,3,3,2,4,4,1,1,3,1,1,1,2,4,4,4,4,2,4,5,5,3,4,4,2,2,3,3,5,4,3,3,3,4,4,2,4,4,4,4,4,3,2,2,5,3,3,4,2,2,4,4,4,4,2,4,4,4,3,4,4,2,4,3,3,4,2,5,4,2,3,4,4,21436,
16/06/2018 08:18,16/06/2018 08:29,0,194.72.83.196,100,626,1,16/06/2018 08:29,R_2zTpVFz0lz4Hrxp,,,,,51.44999695,0.050003052,anonymous,EN,1,2,18,6,uk,1,0,0,0,0,0,0,0,0,0,0,0,0,3,2,2,3,3,1,1,1,2,1,2,3,1,4,3,4,4,4,1,3,4,2,4,4,4,4,2,4,4,4,3,4,4,4,4,4,1,4,4,4,4,5,2,2,3,4,2,4,4,4,4,4,2,2,3,4,4,4,4,4,2,4,2,4,2,2,1,3,4,4,2,4,21593,
16/06/2018 10:43,16/06/2018 10:53,0,188.29.164.168,100,601,1,16/06/2018 10:53,R_2E5yrhm6CvsZoNG,,,,,51.55000305,0.166702271,anonymous,EN,1,1,20 years old,3,England ,2,0,1,1,1,0,0,1,0,1,1,0,1,2,1,3,3,2,4,1,2,1,3,3,3,2,3,4,4,4,3,3,4,4,4,2,4,2,4,5,2,4,2,2,3,5,5,2,4,3,4,4,4,5,3,2,4,4,3,2,4,3,5,4,4,3,2,3,3,5,5,3,4,2,3,4,4,4,3,3,3,4,3,4,4,22395,
16/06/2018 11:39,16/06/2018 11:49,0,137.205.1.201,100,576,1,16/06/2018 11:49,R_1o6BGnyfIfJMXbE,,,,,52.41670227,-1.550003052,anonymous,EN,1,2,18,2,India,1,1,1,0,0,0,0,0,0,0,1,0,0,3,4,4,2,4,4,3,3,1,3,1,1,4,4,3,4,4,3,5,4,4,3,5,4,4,5,2,4,4,2,4,3,4,4,2,2,2,4,4,4,4,4,3,4,4,3,4,3,2,4,4,5,2,2,4,4,3,4,3,2,3,4,4,4,5,4,4,4,3,3,3,4,22098,
15/06/2018 22:53,16/06/2018 12:34,0,46.233.90.54,100,49294,1,16/06/2018 12:34,R_2s1jksJGw6VVrNH,,,,,51.48910522,-0.110702515,anonymous,EN,1,2,21,6,libya ,1,0,1,1,1,1,1,1,0,0,1,0,1,3,1,2,2,1,3,3,3,1,1,3,3,4,4,4,3,2,2,1,5,4,1,5,5,5,4,1,2,5,4,4,4,2,2,5,5,4,4,3,2,5,2,3,5,4,1,5,2,5,4,2,2,5,4,3,5,3,2,5,5,5,5,2,1,5,2,3,4,2,1,5,5,18577,
16/06/2018 12:48,16/06/2018 12:57,0,137.205.20.18,100,573,1,16/06/2018 12:57,R_22xJybaeZ22tqtG,,,,,52.41670227,-1.550003052,anonymous,EN,1,2,21,7,Denmark,1,0,0,0,0,0,1,0,0,1,1,0,1,3,1,3,4,2,2,1,2,2,3,3,2,5,5,1,4,4,2,5,5,2,4,4,2,5,2,1,3,5,4,5,4,4,4,5,4,5,4,1,5,3,2,4,4,3,4,4,4,4,4,2,3,4,5,4,3,4,4,5,3,2,3,1,4,4,2,5,4,1,5,5,4,22385,
16/06/2018 12:55,16/06/2018 13:01,0,137.205.20.37,100,400,1,16/06/2018 13:01,R_t0c1ogg7tQ712nv,,,,,52.41670227,-1.550003052,anonymous,EN,1,1,23,7,UK,2,0,1,1,1,0,1,1,0,1,1,0,1,3,1,3,3,1,3,2,3,3,2,3,3,5,2,3,1,1,2,5,5,2,5,5,1,4,4,2,2,1,2,5,4,4,2,2,4,3,2,2,2,4,4,4,5,2,2,5,4,4,5,2,2,2,5,5,2,4,2,2,4,2,4,1,2,3,4,5,1,2,4,1,1,22396,
16/06/2018 13:55,16/06/2018 14:09,0,81.111.97.180,100,840,1,16/06/2018 14:09,R_1hEaBrAK8WbGZFo,,,,,52.44140625,-1.499893188,anonymous,EN,1,2,22,1,Malaysia,1,0,0,0,0,0,0,0,0,0,0,0,0,1,2,2,2,2,3,1,1,3,1,1,3,2,4,2,4,3,4,4,4,4,4,4,4,4,4,2,4,4,2,4,3,2,3,2,4,2,4,4,2,5,2,4,4,4,2,4,3,4,3,4,3,2,4,3,4,3,2,4,4,4,2,2,2,4,4,4,4,2,3,2,4,18633,
16/06/2018 14:22,16/06/2018 14:28,0,137.205.20.48,100,411,1,16/06/2018 14:28,R_vdiYuWsSBZuoUw1,,,,,52.41670227,-1.550003052,anonymous,EN,1,1,26,7,India,2,0,1,1,0,0,1,0,0,0,0,0,0,2,2,2,1,2,2,1,1,2,1,1,3,3,5,3,4,2,5,5,5,2,5,4,3,3,5,4,5,4,3,3,2,3,4,3,3,3,4,3,3,3,5,3,5,3,3,3,5,5,5,2,5,2,3,3,5,3,3,4,4,3,4,3,4,4,5,4,3,4,2,4,4,22376,
16/06/2018 15:11,16/06/2018 15:17,0,86.171.107.163,100,389,1,16/06/2018 15:17,R_UryOywuzZSqeCDD,,,,,51.67610168,-4.156692505,anonymous,EN,1,2,21,6,England,1,1,1,1,1,0,0,1,0,1,0,0,0,1,1,2,3,4,4,1,1,3,2,2,1,4,4,4,4,4,3,4,5,5,2,5,5,3,4,2,4,4,4,3,4,5,4,5,3,4,5,4,4,4,4,3,4,4,3,5,5,4,4,4,4,4,1,3,4,4,3,4,3,3,5,4,2,5,4,4,4,4,4,4,5,18486,
16/06/2018 15:14,16/06/2018 15:52,0,5.151.196.147,100,2278,1,16/06/2018 15:52,R_1HbpNr9hpV4QQ6y,,,,,52.40660095,-1.512207031,anonymous,EN,1,2,23,2,China,2,1,1,1,1,1,1,1,1,1,1,0,1,4,1,3,3,4,3,2,3,3,2,1,2,5,5,3,4,4,5,4,4,3,3,5,2,5,5,3,2,4,2,5,4,5,4,4,2,5,4,2,3,5,5,5,3,3,2,4,3,4,4,4,4,1,3,5,5,4,2,4,2,5,4,3,4,2,5,5,3,4,2,1,4,21823,
16/06/2018 16:32,16/06/2018 16:41,0,86.166.86.237,100,587,1,16/06/2018 16:41,R_29gY1HjeOKdNvdC,,,,,52.41670227,-1.550003052,anonymous,EN,1,1,22,1,Malaysia,1,0,0,0,0,0,0,0,0,0,0,0,0,2,2,4,4,1,4,3,1,2,1,3,3,2,4,2,1,4,3,4,3,1,1,5,2,3,3,2,4,4,3,4,1,2,5,4,4,4,3,2,3,5,4,1,4,3,2,5,2,4,2,4,5,2,2,3,1,2,1,4,3,4,2,2,1,5,2,1,2,4,2,4,4,17652,
16/06/2018 17:13,16/06/2018 17:21,0,137.205.0.83,100,483,1,16/06/2018 17:21,R_1P7cMX6hF5cSanU,,,,,52.41670227,-1.550003052,anonymous,EN,1,1,19,4,Netherlands,2,1,1,1,1,1,1,1,1,1,0,0,1,4,1,2,4,4,4,1,3,3,1,2,3,4,2,3,4,2,4,4,5,3,4,5,2,5,5,1,3,4,5,4,4,5,2,4,5,4,4,2,4,2,4,4,5,3,2,5,4,4,4,3,2,2,4,4,5,4,2,3,5,4,5,3,5,3,4,5,4,2,2,4,2,21215,
16/06/2018 20:26,16/06/2018 20:31,0,82.3.82.69,100,288,1,16/06/2018 20:31,R_2XhwfeFS9xuAMgu,,,,,52.42419434,-1.463806152,anonymous,EN,1,1,21,5,United Kingdom,1,0,1,0,1,1,0,1,0,0,0,1,0,2,4,3,4,4,3,2,1,3,2,1,1,1,4,3,4,2,3,4,5,2,4,5,2,2,4,3,4,4,4,3,5,4,4,5,4,4,4,4,2,2,3,5,5,4,3,5,2,2,5,2,4,4,3,4,4,4,2,5,4,2,5,4,2,1,2,1,4,4,4,2,4,19052,
16/06/2018 20:48,16/06/2018 20:54,0,82.33.87.87,100,383,1,16/06/2018 20:54,R_1gCI18Pmsdnz2KK,,,,,52.44140625,-1.499893188,anonymous,EN,1,2,22,2,nigeria,2,1,1,0,1,1,0,1,1,1,0,0,1,1,1,3,1,1,4,3,2,2,1,1,2,3,4,2,4,4,2,5,5,1,3,5,2,4,4,1,3,5,2,4,4,2,4,4,3,2,3,3,3,3,3,4,4,2,4,4,3,3,3,3,4,3,2,5,3,3,3,3,4,2,5,3,2,4,3,4,3,2,3,3,4,19575,
16/06/2018 21:00,16/06/2018 21:06,0,137.205.1.224,100,380,1,16/06/2018 21:06,R_2qrw1OoIcC55qcw,,,,,52.41670227,-1.550003052,anonymous,EN,1,2,22,1,Malaysia ,1,0,0,0,0,1,0,1,0,1,1,1,1,4,4,2,1,4,2,3,1,2,2,3,3,2,5,4,4,5,2,2,2,2,3,5,5,3,2,2,2,1,4,3,4,4,3,4,3,2,2,3,2,5,3,1,2,4,2,4,5,3,4,2,3,1,5,3,4,4,2,3,3,1,3,3,4,4,2,1,3,3,2,3,4,18508,
17/06/2018 02:28,17/06/2018 02:35,0,80.6.76.202,100,455,1,17/06/2018 02:35,R_27xqBgSZLbVxYMq,,,,,52.30000305,-1.533294678,anonymous,EN,1,2,19,1,india,1,0,0,1,0,0,1,0,0,0,0,0,0,1,3,2,4,3,3,2,3,1,1,2,3,4,4,2,2,3,4,3,3,1,1,5,2,5,4,1,3,3,4,3,2,1,2,5,1,3,3,3,1,4,2,3,2,3,2,5,3,4,4,2,1,2,4,5,1,2,1,3,3,4,3,4,1,2,3,3,2,3,1,2,5,20967,
15/06/2018 15:57,15/06/2018 16:45,0,137.205.20.37,35,2830,0,17/06/2018 15:58,R_3F2pMQ5Gdwx4Cg6,,,,,,,anonymous,EN,1,1,26,7,India,1,1,1,1,0,1,1,0,0,0,0,0,0,2,2,2,2,1,1,3,3,2,2,1,3,,,,,,,,,,,,,,,,,,,,,,,,,,,,,,,,,,,,,,,,,,,,,,,,,,,,,,,,,,,,,22376,
15/06/2018 21:41,15/06/2018 21:41,0,86.166.83.248,5,39,0,17/06/2018 21:41,R_2y473W7nus7V7F1,,,,,,,anonymous,EN,1,2,23,5,England,,,,,,,,,,,,,,,,,,,,,,,,,,,,,,,,,,,,,,,,,,,,,,,,,,,,,,,,,,,,,,,,,,,,,,,,,,,,,,,,,,,,,,21181,
23/06/2018 19:23,23/06/2018 19:55,0,82.32.133.168,100,1908,1,23/06/2018 19:55,R_UZ8zfh6yYQnaSc1,,,,,52.58329773,-2.133300781,anonymous,EN,1,2,19,4,UK,2,0,1,1,0,1,1,1,1,1,0,0,0,1,2,2,4,3,4,1,2,2,1,1,2,4,4,4,4,4,5,4,4,4,5,2,4,4,3,2,4,3,5,5,4,5,4,4,5,5,3,5,4,5,4,3,4,3,3,3,5,4,3,1,3,2,5,4,4,4,4,4,4,2,2,4,3,2,4,5,4,3,4,4,4,21150,
23/06/2018 20:12,23/06/2018 20:19,0,90.195.196.105,100,438,1,23/06/2018 20:19,R_qyEappz6QcWKduV,,,,,52.41670227,-1.550003052,anonymous,EN,1,2,22,2,Malaysia,1,0,0,0,0,0,0,0,0,1,1,1,0,1,4,4,1,4,2,2,1,1,3,2,2,2,5,1,2,4,3,4,5,1,4,5,4,4,4,1,5,4,2,4,5,4,2,4,3,4,4,2,2,4,2,5,4,2,2,5,3,2,4,2,4,4,1,4,4,4,2,5,4,2,4,1,1,4,2,2,4,2,4,2,2,17506,
24/06/2018 01:40,24/06/2018 01:53,0,137.205.1.67,100,787,1,24/06/2018 01:53,R_3qkx7WySuuAaNUe,,,,,52.41670227,-1.550003052,anonymous,EN,1,2,19,2,United Kingdom,2,1,0,1,0,1,1,1,0,1,0,0,0,2,3,3,3,2,3,2,3,2,2,1,2,4,4,3,1,2,2,5,4,3,3,4,3,4,5,2,3,2,2,4,3,3,3,1,3,4,3,3,4,2,3,4,2,2,3,2,3,3,4,4,5,2,2,5,4,1,3,2,3,3,4,4,3,1,3,5,2,2,3,2,4,21420,
24/06/2018 01:54,24/06/2018 02:00,0,137.205.1.67,100,376,1,24/06/2018 02:00,R_323AUkVzH2wWxca,,,,,52.41670227,-1.550003052,anonymous,EN,1,2,19,2,UK,2,1,0,1,0,1,1,1,0,1,0,0,0,1,3,3,3,2,1,3,1,3,1,2,2,4,4,2,1,2,2,5,4,3,3,2,3,5,5,2,4,2,3,5,3,3,3,1,3,4,2,2,4,2,3,4,2,3,3,2,3,3,4,4,5,2,1,5,4,2,3,2,2,3,4,3,3,1,3,5,2,3,3,2,4,21420,
24/06/2018 02:02,24/06/2018 02:06,0,137.205.1.67,100,255,1,24/06/2018 02:06,R_294TZKViFuaHCeR,,,,,52.41670227,-1.550003052,anonymous,EN,1,2,19,2,UK,2,1,0,1,0,1,1,1,1,1,1,0,0,2,4,1,3,1,4,3,3,3,1,1,3,4,4,3,1,2,2,5,4,3,3,3,3,5,5,2,4,2,2,5,3,3,3,1,3,4,2,2,4,2,3,4,2,3,3,2,3,3,4,5,5,2,1,5,3,2,3,2,3,3,4,2,3,1,3,5,2,2,3,2,4,21420,
24/06/2018 22:45,24/06/2018 22:59,0,80.7.155.207,100,870,1,24/06/2018 22:59,R_Op5i2UvFZDN3gu5,,,,,52.30000305,-1.533294678,anonymous,EN,1,2,21,6,England ,1,1,1,1,1,0,1,0,1,0,1,0,1,3,1,4,4,4,1,2,3,2,1,2,1,4,5,1,2,4,2,4,4,2,4,5,1,2,4,2,5,4,1,4,2,1,4,4,4,1,4,2,3,5,2,1,4,4,2,5,2,2,4,4,4,4,1,4,4,1,4,4,2,2,4,2,2,5,2,4,2,2,5,4,2,18195,
24/06/2018 23:33,24/06/2018 23:41,0,81.106.93.17,100,441,1,24/06/2018 23:41,R_qyYpgNCeKOG8H8B,,,,,52.44140625,-1.499893188,anonymous,EN,1,1,22,1,Malaysia,2,1,1,1,0,1,1,1,0,0,0,1,0,4,1,3,1,4,1,2,2,3,3,2,3,1,5,3,5,4,4,3,4,5,3,4,3,2,4,3,3,5,3,3,4,4,4,2,2,2,4,3,2,5,4,1,2,4,2,2,3,2,4,4,4,2,3,4,4,4,3,3,3,3,2,4,5,3,2,2,2,2,2,3,4,18360,
24/06/2018 23:43,24/06/2018 23:47,0,81.106.93.17,100,200,1,24/06/2018 23:47,R_2sRPSb9MGkOzmNT,,,,,52.44140625,-1.499893188,anonymous,EN,1,1,22,1,Malaysia,1,1,1,1,0,1,0,1,1,0,1,1,1,1,2,1,4,2,1,1,1,2,1,1,2,4,3,3,5,4,2,3,2,2,2,2,3,4,1,2,4,5,2,3,3,4,3,4,2,3,3,4,4,3,1,4,3,4,3,1,2,3,2,3,4,4,3,4,2,4,3,3,2,3,3,3,2,3,3,3,4,3,3,2,3,18360,
24/06/2018 23:51,24/06/2018 23:58,0,80.6.97.208,100,432,1,24/06/2018 23:58,R_1nMZtWSluwHV7Eb,,,,,52.42419434,-1.463806152,anonymous,EN,1,1,23,1,Malaysia,1,0,1,1,0,0,0,0,0,0,0,0,0,4,1,1,3,4,3,3,3,1,1,1,2,2,5,3,4,5,4,4,3,4,4,4,4,2,4,4,2,2,4,2,3,2,4,2,3,2,4,4,5,4,4,5,4,4,4,2,5,2,2,4,4,2,4,2,4,3,3,4,4,2,2,2,4,4,4,1,2,4,4,3,4,18375,
25/06/2018 00:51,25/06/2018 00:57,0,137.205.1.67,100,352,1,25/06/2018 00:57,R_1QimLNNRA2avOcU,,,,,52.41670227,-1.550003052,anonymous,EN,1,2,19,2,uk,2,1,0,1,0,1,1,1,0,1,1,0,1,3,4,3,3,1,3,2,2,2,2,2,1,4,4,3,2,2,3,5,4,3,3,3,3,4,5,2,4,2,2,4,3,3,3,1,3,4,2,2,4,2,4,4,2,4,3,3,3,3,4,4,5,1,1,4,3,2,3,2,3,4,5,2,3,1,3,5,3,2,3,2,3,21420,
25/06/2018 01:13,25/06/2018 01:24,0,137.205.1.19,100,644,1,25/06/2018 01:24,R_3ebsWj7CiyCSq30,,,,,52.41670227,-1.550003052,anonymous,EN,1,1,21,2,India,1,0,1,1,1,0,1,1,0,1,0,1,0,1,3,2,3,1,3,1,3,1,3,1,1,4,4,3,3,4,4,4,4,2,4,4,3,5,4,3,4,4,2,5,4,2,2,3,4,4,3,3,4,3,4,2,4,3,2,4,1,5,4,3,4,4,4,3,3,2,4,4,4,4,3,2,3,5,2,4,3,3,3,2,4,21565,
25/06/2018 03:51,25/06/2018 03:55,0,137.205.1.148,100,238,1,25/06/2018 03:55,R_4TnJ6erdLriHJct,,,,,52.41670227,-1.550003052,anonymous,EN,1,1,19,3,England,1,0,1,1,0,1,1,1,1,1,1,1,0,1,2,1,3,3,4,1,1,2,2,1,3,5,1,5,5,1,1,5,5,5,5,1,1,4,1,5,5,5,5,5,4,5,5,1,4,5,1,5,5,5,5,5,5,5,4,1,1,1,5,5,5,5,5,4,4,5,5,5,5,5,1,5,5,1,1,5,1,5,1,1,1,22394,
25/06/2018 08:41,25/06/2018 08:49,0,137.205.1.39,100,453,1,25/06/2018 08:49,R_3qIgb1D3lnutP5v,,,,,52.41670227,-1.550003052,anonymous,EN,1,2,23,7,England,1,1,1,0,1,0,0,0,1,1,0,0,0,2,2,1,1,3,2,3,2,3,1,3,1,2,3,4,4,5,4,4,4,4,5,3,5,4,4,4,5,3,4,4,4,5,4,5,5,1,3,4,3,4,3,2,4,4,3,2,5,3,4,4,3,2,3,4,4,3,3,5,4,4,3,3,4,4,5,3,4,4,3,4,5,18175,
25/06/2018 10:49,25/06/2018 10:56,0,137.205.1.33,100,450,1,25/06/2018 10:56,R_3KIWUQf6q7oi3jd,,,,,52.41670227,-1.550003052,anonymous,EN,1,2,22,2,Malaysia,2,1,1,1,1,1,1,1,1,1,1,1,1,4,2,4,1,2,2,3,3,3,2,1,2,4,5,1,4,4,4,4,4,3,3,5,5,5,4,3,3,3,3,4,4,3,3,3,4,4,4,2,3,5,4,4,4,4,3,5,2,4,4,5,5,2,4,3,3,3,3,4,4,4,4,4,3,3,4,4,4,4,3,4,5,22286,
25/06/2018 11:11,25/06/2018 11:18,0,5.68.216.89,100,438,1,25/06/2018 11:18,R_PMWhMHFNNbAbiEx,,,,,52.41670227,-1.550003052,anonymous,EN,1,1,24,4,greece,1,0,1,0,1,0,1,0,0,1,1,1,1,3,3,4,3,2,4,3,2,1,3,3,2,3,4,2,4,2,3,5,4,2,2,4,1,4,4,3,4,4,3,4,4,2,3,2,2,4,4,4,4,2,5,2,4,3,3,3,4,2,4,4,3,2,2,5,4,2,3,3,2,4,3,4,4,4,4,4,4,3,3,4,1,22297,
25/06/2018 11:21,25/06/2018 11:22,0,137.205.238.206,100,99,1,25/06/2018 11:22,R_2ScsHQ3FiGg8OCG,,,,,52.41670227,-1.550003052,anonymous,EN,1,4,im alice,7,im alice,1,0,0,1,1,1,1,1,1,1,1,0,1,4,1,3,4,1,3,1,3,2,1,2,1,2,4,4,4,4,4,4,4,2,2,4,2,4,2,2,4,4,4,2,2,2,4,4,2,4,2,4,2,4,2,2,2,4,4,2,4,4,4,4,4,2,2,4,2,4,2,4,2,2,4,4,2,2,4,2,2,2,4,2,2,21744,
25/06/2018 11:55,25/06/2018 12:02,0,82.13.9.191,100,453,1,25/06/2018 12:02,R_234AY40kdzt5BjG,,,,,52.27049255,-1.521896362,anonymous,EN,1,1,20,4,england,2,1,0,1,1,0,0,0,0,0,1,0,1,4,1,3,1,1,2,2,3,1,1,2,2,5,3,2,1,2,3,4,4,1,4,5,3,4,4,2,3,4,2,4,4,3,1,4,3,4,2,2,2,5,4,5,3,3,2,5,3,3,4,2,2,4,2,4,4,2,1,3,4,4,4,3,1,4,4,4,4,2,3,4,2,20832,
25/06/2018 12:25,25/06/2018 12:34,0,137.205.1.2,100,546,1,25/06/2018 12:34,R_1ovbA4sZovB3IOI,,,,,52.41670227,-1.550003052,anonymous,EN,1,2,30,1,chile,2,1,1,1,1,1,1,1,1,1,1,1,1,1,2,1,2,2,2,1,1,3,3,3,3,3,4,4,4,4,4,5,5,4,4,4,4,4,4,4,5,5,3,3,4,4,4,4,4,4,2,4,4,4,4,4,4,2,4,4,4,4,4,2,4,4,2,3,4,4,4,4,4,2,2,2,4,4,4,3,4,4,4,4,4,22055,
25/06/2018 12:34,25/06/2018 12:42,0,2.219.101.67,100,503,1,25/06/2018 12:42,R_2tzcmX2Chj17vcU,,,,,52.41670227,-1.550003052,anonymous,EN,1,2,32,7,Malaysia,1,0,0,0,0,0,0,0,0,0,0,0,0,3,1,3,3,4,3,3,3,2,2,3,3,3,4,2,4,4,5,4,4,4,4,5,5,4,4,3,2,4,3,3,3,2,4,4,3,4,3,2,2,3,3,4,4,2,4,4,5,4,4,4,4,2,3,4,3,2,4,4,2,4,4,4,2,4,5,3,2,3,3,4,5,22322,
23/06/2018 13:45,23/06/2018 13:49,0,137.205.238.177,57,266,0,25/06/2018 13:45,R_0AgHvWkIhrAQ57r,,,,,,,anonymous,EN,1,1,23,1,Malaysia,1,0,1,1,1,1,0,1,1,1,1,1,1,4,3,3,2,4,4,3,3,3,3,1,1,1,3,3,3,5,4,4,4,1,2,5,5,5,3,2,3,5,5,5,3,,,,,,,,,,,,,,,,,,,,,,,,,,,,,,,,,,,,,,,,,17856,
25/06/2018 15:35,25/06/2018 15:45,0,137.205.1.207,100,632,1,25/06/2018 15:45,R_6ME2ETCm3iWhcrf,,,,,52.41670227,-1.550003052,anonymous,EN,1,2,21,4,UK,1,1,0,1,1,1,1,1,0,1,1,0,1,3,2,3,4,2,3,3,3,2,2,1,1,4,5,3,4,3,2,5,5,3,4,5,4,3,4,4,4,5,3,3,3,4,3,4,4,2,4,3,4,4,4,2,4,3,3,5,2,4,4,3,4,4,3,3,4,3,3,4,4,3,5,3,3,4,4,2,4,3,4,5,5,18777,
25/06/2018 12:28,25/06/2018 16:03,0,80.6.97.208,100,12918,1,25/06/2018 16:03,R_1173PFxfbT8NM61,,,,,52.42419434,-1.463806152,anonymous,EN,1,1,23,1,Malaysia,1,0,0,0,0,0,0,0,0,0,0,0,0,2,3,4,2,3,4,3,3,2,1,1,3,1,4,4,4,5,4,2,4,4,5,2,5,2,2,4,3,2,4,4,4,4,4,2,4,1,4,4,4,5,4,4,4,4,3,2,5,2,2,5,4,2,4,3,4,3,4,4,4,2,2,2,5,4,4,2,4,4,3,3,5,18375,
25/06/2018 18:10,25/06/2018 18:18,0,88.111.239.135,100,457,1,25/06/2018 18:18,R_w13JAsFWFbW8CTT,,,,,52.41670227,-1.550003052,anonymous,EN,1,2,33,7,Malaysia,1,1,1,1,1,1,1,1,1,1,1,1,0,2,4,3,2,3,3,1,3,2,1,2,1,1,4,2,2,5,4,2,4,1,4,4,5,4,5,1,3,2,1,1,5,2,4,2,4,1,2,2,2,5,5,4,2,4,3,2,5,3,4,2,3,2,2,3,1,2,3,4,5,1,5,2,2,2,4,1,2,2,2,2,5,21629,
25/06/2018 19:04,25/06/2018 19:13,0,137.205.1.104,100,547,1,25/06/2018 19:13,R_26fFcqUTlJWiPyQ,,,,,52.41670227,-1.550003052,anonymous,EN,1,2,20,6,England,1,1,1,1,1,1,1,1,1,1,1,1,1,3,3,2,2,4,4,2,1,2,2,2,2,1,3,4,3,4,4,1,4,4,3,5,1,4,5,1,4,4,5,3,4,5,1,4,4,1,3,2,4,5,5,1,2,4,4,1,4,3,5,4,4,4,4,4,4,5,1,5,4,2,5,2,2,2,5,4,3,4,3,4,5,21281,
25/06/2018 19:10,25/06/2018 19:16,0,81.111.97.180,100,370,1,25/06/2018 19:16,R_UtMi5w39cYOjJtv,,,,,52.44140625,-1.499893188,anonymous,EN,1,2,22,7,Malaysia,1,0,1,1,1,0,1,1,0,1,1,0,1,3,1,3,4,1,4,2,1,1,3,3,3,2,4,2,2,4,2,3,4,2,4,5,2,2,4,2,4,2,2,3,4,2,4,2,4,2,4,4,2,5,3,3,4,2,4,5,3,3,4,3,4,2,2,2,4,3,4,4,4,2,4,2,2,4,2,4,4,2,4,2,4,22152,
25/06/2018 19:45,25/06/2018 19:53,0,5.151.27.32,100,500,1,25/06/2018 19:53,R_1H5AzbAkNneitWb,,,,,52.27049255,-1.521896362,anonymous,EN,1,1,21,1,Romania,1,1,0,1,1,1,1,1,1,1,1,0,1,3,2,4,3,4,3,2,3,2,2,2,3,4,3,4,4,2,2,4,5,2,4,2,3,4,4,2,5,2,4,3,3,3,4,2,2,5,3,2,5,2,5,5,4,3,5,2,4,4,4,2,4,2,2,4,4,5,4,4,2,3,5,2,5,2,2,4,3,4,3,2,3,18214,
25/06/2018 19:52,25/06/2018 20:04,0,82.9.119.110,100,708,1,25/06/2018 20:04,R_1QxzbO0xO22vlZw,,,,,52.30000305,-1.533294678,anonymous,EN,1,2,,6,Uk,2,1,1,1,0,0,1,1,1,0,1,0,1,4,2,4,2,3,3,2,2,3,1,2,3,2,4,4,4,2,3,4,4,3,3,4,2,3,3,2,4,4,3,3,3,4,4,4,3,2,4,3,3,4,2,2,3,4,2,3,2,4,4,3,4,4,4,2,4,4,3,4,4,3,3,2,3,4,4,2,4,2,2,4,4,19964,
25/06/2018 20:03,25/06/2018 20:08,0,137.205.1.142,100,327,1,25/06/2018 20:08,R_cMWFPnWawOEghXj,,,,,52.41670227,-1.550003052,anonymous,EN,1,2,22,7,Singapore,1,1,0,1,1,1,1,1,0,1,1,0,1,3,4,4,3,2,4,3,3,2,1,2,2,4,4,3,4,3,4,4,4,3,5,4,5,4,5,2,3,2,4,3,2,4,3,2,2,4,4,2,4,2,5,4,4,2,3,2,5,5,4,4,4,1,4,3,4,4,2,2,4,4,4,2,4,2,2,3,3,5,4,2,5,20493,
25/06/2018 20:10,25/06/2018 20:15,0,137.205.1.85,100,294,1,25/06/2018 20:15,R_2WtZuGmykvL4CJU,,,,,52.41670227,-1.550003052,anonymous,EN,1,1,19,4,UAE,1,0,0,1,1,0,1,1,0,1,1,1,1,4,4,4,3,1,3,2,2,1,2,3,3,4,4,5,2,2,2,5,5,4,5,1,5,5,4,2,5,1,5,5,4,5,5,2,5,5,5,5,5,4,4,4,5,5,5,1,5,4,5,2,5,1,5,4,5,5,4,4,5,4,2,5,5,1,2,5,4,1,4,2,5,22330,
25/06/2018 20:41,25/06/2018 20:48,0,90.213.244.57,100,429,1,25/06/2018 20:48,R_cwoD9VWhqRJ1UXf,,,,,52.41670227,-1.550003052,anonymous,EN,1,2,33,1,Hong Kong,1,0,0,0,0,0,0,0,0,0,0,0,0,4,1,3,3,4,3,1,1,1,1,1,1,4,4,1,2,4,3,4,4,3,4,5,4,4,4,2,3,4,4,5,3,3,1,4,3,4,2,2,3,4,3,4,4,3,2,5,4,3,3,3,2,5,5,4,3,2,2,5,3,3,3,2,2,4,2,3,3,2,2,4,4,18142,
25/06/2018 21:22,25/06/2018 21:35,0,82.10.11.65,100,789,1,25/06/2018 21:35,R_56dDFVAQRxAsXwR,,,,,52.27049255,-1.521896362,anonymous,EN,1,1,25,1,United Kingdom,1,1,1,0,0,1,1,0,0,1,1,1,1,4,4,3,4,3,2,1,2,2,1,2,3,4,2,1,5,2,2,4,4,2,5,5,2,5,5,2,4,2,4,5,2,2,4,4,1,3,2,1,4,3,4,4,2,2,4,5,5,4,5,2,4,4,4,5,4,2,5,5,4,5,5,1,4,5,1,5,2,2,4,5,1,15752,
25/06/2018 21:07,25/06/2018 21:41,0,137.205.1.235,100,1987,1,25/06/2018 21:41,R_21csKsxuuAUC5Ni,,,,,52.41670227,-1.550003052,anonymous,EN,1,2,25,7,TAIWAN,1,1,1,1,0,0,1,1,0,1,0,0,1,3,2,2,3,1,3,2,2,2,3,2,2,5,4,1,4,2,2,5,4,2,4,5,1,5,2,1,2,1,1,5,4,2,2,3,4,3,2,1,3,5,2,4,2,3,1,4,2,5,5,3,2,3,2,5,2,2,2,5,5,4,2,2,2,5,2,4,2,2,2,4,3,22424,
25/06/2018 22:24,25/06/2018 22:35,0,5.151.214.8,100,698,1,25/06/2018 22:35,R_2b3hRxQndlavCxD,,,,,52.40660095,-1.512207031,anonymous,EN,1,2,24,5,Taiwan,2,1,1,1,1,1,1,1,1,1,1,0,0,3,2,4,3,2,1,2,2,2,2,2,3,2,2,3,3,2,3,3,3,4,2,2,5,1,2,2,4,5,3,3,3,2,4,2,3,3,2,2,3,5,3,2,2,3,3,4,3,2,3,4,3,4,3,3,3,3,3,3,3,2,3,3,4,4,4,2,2,3,3,3,4,22425,
25/06/2018 23:32,25/06/2018 23:51,0,80.7.155.207,100,1112,1,25/06/2018 23:51,R_3fOUDRM4a0O3sxQ,,,,,52.30000305,-1.533294678,anonymous,EN,1,2,21,6,england,1,1,1,1,1,0,1,1,1,0,1,0,0,1,2,4,2,4,2,2,3,1,1,1,1,4,4,2,4,4,4,5,5,2,4,5,1,3,5,1,4,4,2,4,4,1,4,4,3,1,4,2,4,4,2,2,3,2,2,5,2,2,4,4,4,2,2,4,2,1,2,4,3,4,4,2,2,4,2,2,4,2,5,5,2,18195,
23/06/2018 23:50,23/06/2018 23:52,0,5.151.196.147,17,76,0,25/06/2018 23:51,R_vlx58np5t1t8dgt,,,,,,,anonymous,EN,1,1,22,1,Indonesia,2,1,0,1,1,1,1,1,1,,,,,,,,,,,,,,,,,,,,,,,,,,,,,,,,,,,,,,,,,,,,,,,,,,,,,,,,,,,,,,,,,,,,,,,,,,,,,22162,
25/06/2018 23:42,26/06/2018 00:25,0,5.151.22.39,100,2591,1,26/06/2018 00:25,R_2w1riIctjOKESel,,,,,52.40660095,-1.512207031,anonymous,EN,1,1,31,2,Japan,1,1,0,1,1,1,1,1,1,1,1,1,1,3,3,3,3,4,3,2,3,2,3,1,1,4,4,3,3,3,4,4,4,3,3,3,5,2,3,2,4,4,4,4,4,3,3,4,3,4,2,4,2,4,4,4,3,3,3,3,4,3,3,3,3,2,3,4,4,3,3,4,3,2,4,3,2,3,3,4,3,3,3,2,4,22427,
26/06/2018 00:09,26/06/2018 00:27,0,137.205.1.64,100,1088,1,26/06/2018 00:27,R_3hEWCHllTtBPcSz,,,,,52.41670227,-1.550003052,anonymous,EN,1,1,22,2,India,2,0,1,1,1,0,1,1,0,1,0,0,0,2,2,1,4,1,4,3,2,2,1,1,3,4,3,3,3,2,2,5,5,2,4,3,1,5,4,5,5,2,2,4,5,4,4,2,4,4,2,4,4,3,4,3,4,3,4,2,3,3,4,4,4,2,3,4,4,4,3,3,3,4,3,2,4,2,3,5,4,4,4,3,2,21971,
26/06/2018 00:50,26/06/2018 00:58,0,86.146.16.89,100,480,1,26/06/2018 00:58,R_2dhiYZ5ZmEvuIv1,,,,,52.41670227,-1.550003052,anonymous,EN,1,2,21,6,england ,1,1,1,1,1,1,1,1,0,1,0,0,0,1,2,2,3,1,4,2,2,3,1,3,3,4,5,4,3,2,2,2,5,5,2,5,5,5,4,2,2,5,4,3,5,2,2,5,5,4,4,3,2,5,2,3,5,5,1,5,2,4,5,2,2,5,2,3,4,4,3,5,5,5,5,2,2,5,4,2,5,4,1,5,5,18577,
26/06/2018 01:10,26/06/2018 01:26,0,137.205.1.95,100,928,1,26/06/2018 01:26,R_26kYyocX6IMhKZE,,,,,52.41670227,-1.550003052,anonymous,EN,1,2,28,1,Taiwan,1,1,1,0,1,1,0,0,0,1,0,0,1,4,2,1,4,1,1,1,3,3,2,1,1,4,4,4,2,4,5,5,5,5,4,5,1,4,5,5,2,5,1,4,4,3,5,2,3,2,5,2,4,2,4,4,4,4,2,2,5,5,5,4,5,4,4,5,5,2,3,1,2,4,4,4,2,4,2,5,4,4,2,4,5,22428,
26/06/2018 06:19,26/06/2018 06:24,0,137.205.0.229,100,306,1,26/06/2018 06:24,R_3nTUz2MtYrU2soF,,,,,52.41670227,-1.550003052,anonymous,EN,1,1,20,7,Malaysia,1,1,1,1,0,1,0,1,1,1,1,1,1,3,3,3,4,1,4,3,2,2,3,1,3,2,2,4,3,4,1,2,3,4,4,2,5,2,4,4,4,4,4,5,3,4,4,2,4,1,1,4,4,5,5,2,2,4,4,2,5,4,4,2,2,2,4,4,4,4,4,4,3,2,2,2,4,3,5,4,3,4,3,2,5,21828,
26/06/2018 08:12,26/06/2018 08:23,0,195.11.232.114,100,651,1,26/06/2018 08:23,R_1pSe0bOFYkd5ZDc,,,,,52.41670227,-1.550003052,anonymous,EN,1,1,28,7,India,1,0,0,0,0,0,0,0,0,0,0,0,0,4,4,4,1,1,1,3,1,3,3,1,1,2,5,3,4,4,5,5,4,3,3,4,2,4,4,4,5,4,2,1,4,4,4,3,2,5,2,3,5,4,4,4,4,4,3,4,4,4,4,4,4,2,3,5,4,4,4,4,2,4,4,2,2,4,4,2,4,4,2,4,4,22401,
26/06/2018 08:18,26/06/2018 08:23,0,137.205.238.32,100,277,1,26/06/2018 08:23,R_3HGM7rfjaWa41G5,,,,,52.41670227,-1.550003052,anonymous,EN,1,1,22,1,Malaysia ,2,0,1,0,1,1,1,1,1,0,1,0,1,4,3,4,4,3,4,3,3,3,2,2,2,2,1,4,5,5,4,3,5,2,2,3,2,4,4,4,3,4,4,3,2,4,4,2,2,2,3,3,2,4,3,2,3,3,3,1,4,3,3,4,5,2,3,4,4,3,3,4,2,3,2,4,4,3,2,1,2,2,2,2,4,18360,
26/06/2018 08:15,26/06/2018 08:35,0,195.11.232.114,100,1173,1,26/06/2018 08:35,R_ahqRvtYk7mmXjeF,,,,,52.41670227,-1.550003052,anonymous,EN,1,1,27,7,India,2,1,0,0,0,1,0,1,0,1,0,1,0,4,2,2,4,1,2,2,3,2,3,1,2,3,5,2,3,3,3,3,4,2,2,4,1,5,3,4,4,3,3,3,4,4,3,2,3,5,3,4,3,4,3,4,4,3,4,2,3,4,3,4,4,2,2,4,3,3,3,3,2,4,3,2,3,4,3,4,4,3,4,3,1,21189,
26/06/2018 08:27,26/06/2018 08:36,0,195.11.232.114,100,565,1,26/06/2018 08:36,R_9z7xt2mFIqpOszT,,,,,52.41670227,-1.550003052,anonymous,EN,1,1,29,7,India,1,1,1,1,0,0,1,1,1,1,1,1,1,4,2,3,3,3,2,2,3,1,2,2,1,3,4,3,4,3,4,5,5,3,3,4,2,3,4,2,5,5,2,4,3,2,4,2,3,2,3,4,5,3,2,4,4,2,2,4,3,4,5,3,3,4,3,3,4,2,4,4,3,1,3,2,5,3,2,2,2,2,3,4,4,22400,
26/06/2018 10:15,26/06/2018 10:21,0,31.205.3.24,100,394,1,26/06/2018 10:21,R_2U3dkscGuZzSldn,,,,,52.41670227,-1.550003052,anonymous,EN,1,1,28,2,Moldova,2,1,1,1,1,0,1,1,0,1,1,0,0,1,1,3,3,2,4,1,3,3,1,3,1,4,4,4,5,1,5,5,4,3,4,1,1,5,2,5,1,1,3,4,5,3,4,1,2,3,5,2,5,4,5,5,2,3,3,1,5,4,4,4,4,1,2,4,4,5,4,2,3,4,2,3,5,2,1,5,4,2,3,1,5,21405,
26/06/2018 11:28,26/06/2018 11:39,0,137.205.1.66,100,680,1,26/06/2018 11:39,R_1eK8jFbanBDdjEn,,,,,52.41670227,-1.550003052,anonymous,EN,1,2,,2,India,2,1,1,1,1,1,0,0,0,1,0,0,1,3,3,2,3,1,1,1,1,1,2,3,3,4,4,2,5,2,5,5,5,2,5,4,5,5,4,4,5,3,3,4,4,2,4,4,1,5,4,2,4,2,5,4,5,2,5,4,5,4,4,3,4,3,3,4,5,4,4,5,3,2,3,1,4,2,5,4,4,4,4,3,5,21228,
26/06/2018 12:36,26/06/2018 12:38,0,137.205.238.133,100,134,1,26/06/2018 12:38,R_zVFPDhn9k5bno8V,,,,,52.41670227,-1.550003052,anonymous,EN,2,1,23,2,China,,,,,,,,,,,,,,,,,,,,,,,,,,,,,,,,,,,,,,,,,,,,,,,,,,,,,,,,,,,,,,,,,,,,,,,,,,,,,,,,,,,,,,22015,
26/06/2018 12:12,26/06/2018 12:42,0,137.205.1.107,100,1761,1,26/06/2018 12:42,R_3khb6gSV17M6Ve1,,,,,52.41670227,-1.550003052,anonymous,EN,1,1,23,1,INDIA,1,1,1,1,1,0,1,0,1,0,1,0,0,3,1,2,3,2,1,1,2,1,3,1,3,3,4,2,4,2,4,4,4,4,4,4,2,3,5,2,5,4,3,4,4,2,4,2,1,5,2,3,4,1,5,5,4,1,3,4,3,4,4,3,2,2,3,5,3,3,2,3,4,4,3,3,4,3,1,4,3,3,4,4,2,22426,
26/06/2018 12:56,26/06/2018 13:02,0,137.205.208.233,100,341,1,26/06/2018 13:02,R_TtoL2CnJEBsyO4h,,,,,52.41670227,-1.550003052,anonymous,EN,1,1,25,1,India,1,1,1,1,1,1,0,1,0,1,1,0,1,1,2,4,4,2,3,1,2,3,2,2,2,4,1,2,1,2,4,4,4,4,4,3,1,5,3,2,5,2,2,5,1,2,5,3,5,4,2,1,3,2,3,4,2,2,3,1,1,4,3,3,2,3,4,4,2,2,4,4,4,4,1,2,1,2,4,5,1,3,4,4,1,22126,
26/06/2018 13:06,26/06/2018 13:50,0,137.205.238.133,100,2600,1,26/06/2018 13:50,R_3nORa8EBwVwF1Ic,,,,,52.41670227,-1.550003052,anonymous,EN,1,1,23,2,China,2,1,1,1,0,1,1,1,1,1,0,1,1,3,4,1,3,3,4,3,2,1,3,2,3,4,3,2,3,2,2,5,2,2,3,4,5,4,3,2,1,2,4,3,4,4,2,2,4,4,2,3,1,4,5,1,2,3,3,5,5,4,3,2,2,1,4,3,3,2,2,2,4,5,1,4,2,4,4,4,2,2,2,2,5,22015,
26/06/2018 14:44,26/06/2018 14:50,0,137.205.1.191,100,356,1,26/06/2018 14:50,R_XnXS0lmqYX4kMmd,,,,,52.41670227,-1.550003052,anonymous,EN,1,1,22,1,India,1,0,0,1,1,0,1,1,0,0,0,0,0,3,1,4,3,1,4,2,3,2,3,2,1,1,5,5,5,1,5,3,3,1,5,5,1,1,3,5,5,2,5,3,1,1,5,2,4,2,4,5,1,2,4,1,1,5,5,1,5,5,4,5,5,1,4,5,4,1,1,5,5,5,2,5,1,1,5,1,1,3,5,1,1,22003,
26/06/2018 15:00,26/06/2018 15:08,0,195.99.60.64,100,501,1,26/06/2018 15:08,R_12xp0iGryA6B8SC,,,,,52.41670227,-1.550003052,anonymous,EN,1,2,19,6,Malawi,1,0,1,0,1,1,1,1,0,1,1,0,1,4,2,1,4,1,4,3,2,2,1,2,1,4,4,5,4,2,2,3,4,4,1,4,4,5,2,1,4,2,2,4,2,2,2,3,4,5,1,5,1,2,4,5,4,4,1,3,3,4,2,4,2,4,3,4,2,4,2,3,4,5,4,4,3,5,4,4,2,2,3,2,4,21398,
26/06/2018 16:55,26/06/2018 17:07,0,137.205.1.107,100,717,1,26/06/2018 17:07,R_10vBbiZ9n9w1UHY,,,,,52.41670227,-1.550003052,anonymous,EN,1,2,22,4,England,2,1,1,0,1,1,0,0,1,1,0,1,1,3,4,2,4,2,2,1,2,2,2,1,2,3,3,3,4,2,2,5,4,4,4,4,4,5,4,4,4,4,3,3,4,3,4,2,4,2,3,3,4,3,4,5,4,4,4,4,4,5,4,4,4,4,5,5,4,4,4,2,3,4,4,4,5,4,2,5,2,1,4,3,5,16802,
26/06/2018 20:44,26/06/2018 20:57,0,81.103.202.42,100,785,1,26/06/2018 20:57,R_1jN6obhCzQ7vkJj,,,,,52.41670227,-1.550003052,anonymous,EN,1,2,21,6,England,2,1,1,1,1,1,1,1,0,1,1,0,1,1,3,1,4,1,4,3,1,2,1,2,3,4,4,3,4,2,2,3,4,4,3,5,4,4,4,4,5,4,4,3,2,4,5,4,3,5,3,5,4,2,1,4,4,4,4,2,2,4,4,4,4,4,3,3,3,4,4,5,3,4,3,5,5,5,2,4,4,4,4,4,3,19967,
26/06/2018 21:49,26/06/2018 22:04,0,137.205.1.230,100,899,1,26/06/2018 22:04,R_2WwHmebXewwpRXT,,,,,52.41670227,-1.550003052,anonymous,EN,1,1,24,6,China,1,1,0,1,1,1,0,0,1,1,1,0,1,3,1,3,3,2,4,1,1,3,1,3,2,4,4,1,4,2,2,5,5,1,5,4,1,4,5,2,4,2,1,5,4,2,3,2,2,5,3,1,2,4,5,4,3,1,3,5,2,5,4,2,4,2,2,4,4,2,3,4,2,4,4,2,5,2,2,4,4,2,4,1,2,22323,
27/06/2018 00:56,27/06/2018 01:04,0,88.18.51.1,100,454,1,27/06/2018 01:04,R_2owN6EvCUevu8Bb,,,,,40.41670227,-3.683807373,anonymous,EN,1,2,22,4,Malaysia,2,0,1,1,1,1,1,1,1,1,1,0,1,4,4,3,2,4,2,1,1,1,1,1,2,2,3,4,1,4,5,4,3,1,4,5,4,2,1,1,2,5,1,3,1,1,5,3,3,5,1,3,1,4,2,5,2,2,4,5,5,4,4,4,3,5,3,5,1,1,1,1,5,2,1,2,1,5,2,4,1,4,1,4,4,22324,
27/06/2018 07:10,27/06/2018 07:19,0,82.9.199.31,100,571,1,27/06/2018 07:19,R_2rOBd9kiANSvlQU,,,,,52.30000305,-1.533294678,anonymous,EN,1,2,23,6,NigeriA,1,1,1,1,1,0,0,0,0,0,0,1,1,3,4,2,4,2,4,3,1,1,2,3,1,5,4,5,5,3,2,4,4,2,5,3,4,4,4,3,3,2,1,4,4,5,4,2,4,5,5,3,5,3,4,4,2,4,5,1,3,3,5,4,5,1,2,3,4,4,4,2,3,3,4,3,5,2,2,5,4,5,5,2,3,15894,
27/06/2018 09:43,27/06/2018 09:49,0,151.227.17.7,100,331,1,27/06/2018 09:49,R_2aElX7tpCt0um2t,,,,,52.41670227,-1.550003052,anonymous,EN,1,1,23,6,Singapore,2,1,1,1,1,1,1,1,1,1,1,1,1,4,4,4,4,1,4,3,1,3,1,2,3,4,4,2,4,4,3,5,2,2,4,4,4,3,4,2,3,3,3,4,4,2,3,2,3,3,3,2,2,4,4,4,4,2,2,4,4,2,5,3,3,3,3,3,4,2,2,4,4,2,4,2,3,4,3,3,3,3,4,4,4,15830,
27/06/2018 10:45,27/06/2018 10:58,0,137.205.0.163,100,753,1,27/06/2018 10:58,R_27wksoQlVO1zEZY,,,,,52.41670227,-1.550003052,anonymous,EN,1,2,27,1,Taiwan,2,1,1,1,1,0,0,1,1,0,0,0,0,4,2,2,3,4,2,3,1,3,2,1,2,4,4,4,4,4,4,4,4,4,4,4,4,4,4,2,4,4,3,4,4,2,4,4,3,4,2,4,4,4,2,2,4,4,2,2,4,3,2,4,4,2,2,4,4,4,3,4,3,3,4,4,4,4,4,2,4,4,2,4,4,22434,
27/06/2018 11:51,27/06/2018 11:57,0,151.227.17.7,100,330,1,27/06/2018 11:57,R_3dGG9nezozzq4RM,,,,,52.41670227,-1.550003052,anonymous,EN,1,1,22,2,Singapore,1,0,0,0,0,0,0,0,0,0,0,0,0,2,1,4,4,4,3,1,2,2,3,3,2,3,4,4,4,3,4,3,3,4,3,3,3,4,4,2,3,4,3,4,3,4,4,3,4,4,4,3,3,3,4,4,3,3,2,2,3,3,4,4,3,2,2,4,4,4,2,4,4,4,4,4,2,1,4,4,2,2,2,2,3,19882,
27/06/2018 16:24,27/06/2018 16:36,0,2.223.83.202,100,738,1,27/06/2018 16:36,R_bOv6RwPP9uiuMmt,,,,,52.41670227,-1.550003052,anonymous,EN,1,2,34,7,Turkey,1,0,1,1,1,1,1,0,1,1,1,0,1,3,2,1,3,1,2,1,3,3,1,2,1,4,5,4,4,3,4,3,4,2,4,4,5,4,4,2,4,4,2,3,4,4,4,4,5,5,4,3,4,2,4,4,4,4,3,3,5,3,4,4,4,4,4,3,4,3,4,3,4,2,5,2,4,3,4,4,4,4,3,4,5,22386,
27/06/2018 16:57,27/06/2018 17:04,0,137.205.17.237,100,415,1,27/06/2018 17:04,R_2zi6D5jPkfwJNPL,,,,,52.41670227,-1.550003052,anonymous,EN,1,2,24,2,Switzerland,2,1,0,1,1,0,1,1,1,1,1,0,1,4,1,1,4,4,4,1,1,2,2,2,3,5,5,3,5,3,3,5,5,4,4,5,2,5,4,4,5,4,4,2,3,4,4,5,4,5,4,2,4,5,4,5,4,3,4,4,4,4,4,4,4,2,3,3,4,4,2,4,4,2,4,4,4,4,4,5,4,2,3,4,2,22049,
27/06/2018 18:05,27/06/2018 18:18,0,88.109.232.162,100,802,1,27/06/2018 18:18,R_30qttge14LvXKjg,,,,,52.41670227,-1.550003052,anonymous,EN,1,2,24,2,China,1,1,1,1,1,1,1,1,1,1,0,1,0,1,2,2,1,4,4,1,2,2,1,3,3,4,1,4,1,2,4,3,4,5,5,1,3,5,3,3,5,2,3,1,2,5,5,3,2,5,1,4,5,2,4,3,3,3,3,1,3,4,2,5,3,1,3,3,3,5,3,4,1,5,3,4,5,2,3,3,2,2,4,3,3,22264,
27/06/2018 19:05,27/06/2018 19:12,0,137.205.1.250,100,399,1,27/06/2018 19:12,R_eWcZGfUmLa0ErrH,,,,,52.41670227,-1.550003052,anonymous,EN,1,2,26,2,Pakistan,1,1,1,1,1,1,0,1,1,1,1,1,1,3,4,3,3,3,4,2,2,1,2,2,2,4,3,2,3,4,4,4,4,2,2,4,2,4,3,2,2,4,2,4,4,2,4,4,2,4,2,2,4,4,4,3,4,2,2,4,4,4,4,4,2,4,2,4,3,4,2,4,2,5,4,2,2,4,4,3,4,4,2,4,2,22345,
27/06/2018 19:04,27/06/2018 19:13,0,31.205.3.6,100,511,1,27/06/2018 19:13,R_USVDdlX4d5dIUXD,,,,,52.40660095,-1.512207031,anonymous,EN,1,2,23,6,China,2,1,1,1,0,0,1,1,0,1,0,0,0,3,1,2,3,2,4,1,3,1,3,1,3,4,4,3,4,4,2,5,4,4,4,4,2,4,1,4,3,2,2,4,4,4,4,4,3,4,4,2,4,5,4,3,4,4,3,2,3,3,4,3,2,2,4,3,5,3,4,2,4,4,2,3,5,3,2,4,4,4,4,4,4,21841,
27/06/2018 22:48,27/06/2018 23:01,0,81.140.6.5,100,735,1,27/06/2018 23:01,R_1dLjC8DyjxSbTkx,,,,,52.41670227,-1.550003052,anonymous,EN,1,2,23,2,china,1,1,1,1,1,0,1,1,0,0,1,0,0,1,1,2,1,3,3,1,1,3,3,3,3,5,3,4,4,4,4,3,4,4,4,5,2,5,4,4,3,2,2,2,4,3,4,5,4,5,2,4,4,3,2,4,3,4,3,2,2,5,4,4,3,2,3,4,4,2,3,4,3,4,4,3,4,4,4,4,3,2,4,3,2,22435,
28/06/2018 00:31,28/06/2018 00:43,0,137.205.1.65,100,749,1,28/06/2018 00:43,R_1mP2UXvZJGuKzb4,,,,,52.41670227,-1.550003052,anonymous,EN,1,2,25,7,China,2,1,1,1,0,1,0,1,0,0,1,1,0,3,4,1,2,2,4,2,2,3,1,1,3,4,3,3,4,3,3,3,4,3,3,3,1,4,4,4,4,5,1,4,2,2,4,2,2,4,2,3,3,4,4,2,3,4,3,3,3,4,4,4,3,4,1,4,4,3,4,4,3,4,2,3,4,4,2,3,3,4,2,4,4,22438,
28/06/2018 00:39,28/06/2018 00:53,0,5.151.22.39,100,841,1,28/06/2018 00:53,R_3EEcZHdGttXQvyl,,,,,52.40660095,-1.512207031,anonymous,EN,1,1,23,1,China,1,1,1,1,0,1,0,0,0,1,1,1,1,3,1,1,4,4,4,3,3,3,3,1,2,5,2,4,5,4,1,5,5,2,4,5,3,5,5,2,2,2,1,2,5,5,5,2,4,5,2,2,5,5,5,5,4,4,2,5,5,5,5,2,2,1,5,5,5,4,4,2,4,5,5,2,5,4,1,2,5,5,1,1,5,22439,
28/06/2018 19:35,28/06/2018 19:42,0,137.205.101.126,100,455,1,28/06/2018 19:42,R_1mlTtAeoubl4zpM,,,,,52.41670227,-1.550003052,anonymous,EN,1,1,27,2,singapore,2,1,1,1,1,1,1,0,0,1,1,1,1,3,1,4,4,2,2,1,2,1,3,2,1,4,5,1,5,3,2,5,5,1,4,3,1,1,5,3,5,1,1,4,5,5,4,1,5,2,5,1,2,4,5,5,5,2,2,5,1,4,5,3,3,1,5,4,5,2,2,1,5,3,4,3,3,3,3,3,3,5,1,1,5,21922,
29/06/2018 08:14,29/06/2018 08:19,0,137.205.164.222,100,310,1,29/06/2018 08:19,R_vwSEusAqy2Ob70Z,,,,,52.41670227,-1.550003052,anonymous,EN,1,1,25,5,UK,2,1,0,1,1,1,0,1,0,1,0,0,1,3,1,1,3,2,4,1,2,1,3,1,3,2,5,3,3,2,4,3,5,2,4,5,3,4,4,3,3,4,4,4,3,5,3,2,3,5,2,3,4,2,4,2,4,3,4,4,4,3,4,4,4,2,4,3,3,4,3,4,3,5,2,2,2,3,4,2,3,2,4,4,4,22446,
29/06/2018 10:42,29/06/2018 10:49,0,137.205.1.47,100,418,1,29/06/2018 10:49,R_UMEgKYEPxZXCkyR,,,,,52.41670227,-1.550003052,anonymous,EN,1,2,34,2,China,1,1,1,0,1,1,0,1,0,0,1,0,0,2,3,4,1,4,1,1,3,2,3,2,3,4,4,3,4,4,2,4,4,1,3,4,4,3,2,2,2,4,2,2,4,2,4,4,2,3,2,4,4,5,2,3,2,4,3,4,4,3,2,4,3,4,3,4,2,3,3,4,2,2,4,3,3,4,3,4,4,4,4,3,4,21889,
29/06/2018 10:37,29/06/2018 11:04,0,137.205.238.67,100,1617,1,29/06/2018 11:04,R_2TMIzcg8EKa9kko,,,,,52.41670227,-1.550003052,anonymous,EN,1,2,35,2,China,2,1,1,0,0,1,1,0,0,1,1,0,1,3,2,3,3,1,4,2,3,1,1,2,1,5,5,3,4,3,4,4,4,3,2,4,5,2,4,4,3,4,4,5,3,4,4,3,3,2,4,4,2,4,4,4,4,4,2,3,4,4,4,4,4,2,4,4,2,4,2,3,4,3,4,3,4,4,4,3,3,4,2,3,4,21889,
30/06/2018 11:59,30/06/2018 12:11,0,137.205.238.233,100,693,1,30/06/2018 12:11,R_OD1aTn5s36qqJk5,,,,,52.41670227,-1.550003052,anonymous,EN,1,2,30,7,Peru,2,1,1,0,1,0,1,1,0,0,0,1,1,4,4,1,1,1,3,3,3,3,1,2,2,5,4,3,4,1,4,4,5,2,3,5,5,5,5,2,5,4,4,4,4,2,4,4,4,4,4,3,4,4,4,2,4,3,4,3,5,5,4,4,5,3,3,4,3,3,4,5,4,5,4,3,5,4,5,3,4,2,4,5,5,22091,
30/06/2018 12:44,30/06/2018 12:54,0,80.189.36.113,100,615,1,30/06/2018 12:54,R_0GOz20UewjJNnO1,,,,,52.41670227,-1.550003052,anonymous,EN,1,1,,5,Nigeria ,1,0,0,0,1,1,0,0,1,1,0,1,1,3,4,2,3,4,1,1,2,2,2,3,1,3,4,4,4,3,2,4,4,4,4,2,4,4,4,3,4,2,2,4,4,4,4,3,4,4,4,3,3,2,3,4,4,3,3,2,3,4,3,4,4,4,4,3,4,4,4,2,3,4,2,4,5,2,2,4,4,4,3,2,3,22452,
30/06/2018 13:59,30/06/2018 14:12,0,137.205.1.163,100,809,1,30/06/2018 14:12,R_3dYsn0IbW1Sg8pj,,,,,52.41670227,-1.550003052,anonymous,EN,1,2,30,7,Germany,1,1,1,0,0,1,0,0,0,1,1,1,1,3,2,4,3,2,3,3,2,1,1,1,2,2,4,2,4,2,5,2,4,4,2,5,3,3,4,2,2,3,4,4,2,2,2,4,5,4,3,3,4,4,3,3,2,3,3,4,4,4,3,3,3,4,4,3,3,2,2,2,4,3,3,4,2,4,4,4,2,2,2,4,4,15576,
01/07/2018 09:21,01/07/2018 09:27,0,85.255.234.180,100,379,1,01/07/2018 09:27,R_332tCMyg1ZaqdVb,,,,,51.51420593,-0.093093872,anonymous,EN,1,1,21,7,Indonesia,1,1,1,1,1,0,1,1,0,1,1,0,1,4,2,3,4,1,3,1,3,3,3,2,3,4,3,2,3,4,3,2,2,2,3,5,2,4,3,4,2,4,2,3,3,2,3,3,4,4,2,2,3,4,4,3,3,2,2,4,4,3,4,3,2,3,4,2,3,2,3,4,4,5,4,2,3,5,4,2,3,2,2,5,5,21768,
01/07/2018 10:42,01/07/2018 10:50,0,137.205.1.42,100,447,1,01/07/2018 10:50,R_qXjHBOFCsdEl0Od,,,,,52.41670227,-1.550003052,anonymous,EN,1,2,28,3,Indonesia ,2,1,1,1,1,1,1,1,0,1,1,1,1,3,4,3,4,1,2,3,2,1,2,1,2,4,4,5,3,3,3,2,4,4,2,4,4,2,4,2,3,3,2,4,4,4,4,4,3,4,4,4,2,2,4,4,4,4,2,3,4,4,4,4,3,3,4,3,3,4,4,3,4,3,4,4,2,3,2,4,4,4,3,4,4,14923,
01/07/2018 12:10,01/07/2018 12:16,0,86.146.16.89,100,375,1,01/07/2018 12:16,R_3p4IXCWuiWcu06G,,,,,52.41670227,-1.550003052,anonymous,EN,1,1,21,2,India,2,0,1,1,1,0,1,0,0,1,1,1,1,4,4,4,3,2,2,1,2,1,3,2,3,4,5,3,1,1,2,5,5,1,4,4,2,5,4,4,1,1,3,5,5,3,2,1,4,1,5,2,3,2,2,5,5,2,2,4,4,5,4,3,2,2,2,5,4,4,1,4,4,5,3,2,2,3,4,4,5,3,2,2,3,21877,
02/07/2018 10:19,02/07/2018 10:26,0,86.154.7.93,100,431,1,02/07/2018 10:27,R_DOIvAM5GIOcZo5P,,,,,52.41670227,-1.550003052,anonymous,EN,1,1,23,1,Malaysia,2,1,1,1,0,0,1,1,1,1,1,0,1,4,2,4,3,1,3,3,1,2,2,2,3,2,5,2,4,4,2,3,5,2,5,5,4,3,5,2,4,4,2,4,4,2,4,3,2,4,4,3,3,4,3,3,5,2,3,5,5,4,5,4,4,3,2,4,5,3,4,5,1,2,4,2,4,3,3,2,4,4,3,4,5,20389,
02/07/2018 11:49,02/07/2018 11:58,0,137.205.1.242,100,498,1,02/07/2018 11:58,R_3oAZzLOoTnrFVVV,,,,,52.41670227,-1.550003052,anonymous,EN,1,2,23,4,Malaysia,1,1,1,1,1,0,1,0,1,1,1,0,1,4,2,3,4,3,4,3,1,3,3,3,3,3,3,4,4,2,2,4,2,4,2,2,1,3,3,4,4,2,1,4,4,4,4,2,4,2,4,4,3,4,3,4,3,4,3,4,3,5,3,4,4,2,4,4,4,3,3,3,4,4,1,3,5,4,2,2,3,4,3,4,4,22455,
02/07/2018 11:49,02/07/2018 11:58,0,137.205.1.191,100,508,1,02/07/2018 11:58,R_3PLBB8ggL31mFmE,,,,,52.41670227,-1.550003052,anonymous,EN,1,2,22,4,Malaysia,1,0,0,0,0,1,1,1,1,1,0,0,1,3,3,3,3,3,4,2,3,1,2,3,2,4,3,4,4,4,3,2,1,5,4,5,1,4,2,2,3,5,1,2,4,2,2,4,5,2,3,3,4,4,2,4,3,5,4,5,2,4,3,5,4,2,2,5,4,3,2,4,5,4,1,3,2,4,4,2,2,2,3,5,5,21755,
02/07/2018 13:29,02/07/2018 13:51,0,137.205.220.90,100,1273,1,02/07/2018 13:51,R_3P6wNQghokV8sf2,,,,,52.41670227,-1.550003052,anonymous,EN,1,1,22,6,Taiwan,1,0,0,0,0,0,0,0,0,0,0,0,0,3,1,4,4,1,3,1,3,2,2,3,3,1,5,5,5,3,4,4,5,2,2,4,5,2,2,3,2,4,5,3,3,2,2,2,2,2,5,1,4,2,5,2,2,4,3,2,4,4,5,5,1,4,4,4,3,3,2,5,1,4,1,2,4,3,4,3,2,2,2,2,2,20877,
03/07/2018 10:54,03/07/2018 11:05,0,89.238.165.56,100,611,1,03/07/2018 11:05,R_115T2FumEmFGhdU,,,,,53.76669312,-2.350006104,anonymous,EN,1,1,19,5,United Kingdom,1,0,0,0,0,0,0,0,0,0,0,0,0,4,1,1,4,3,4,2,3,1,2,2,3,3,2,4,4,2,1,3,5,2,5,2,1,5,2,4,5,4,4,5,2,4,5,1,2,4,4,2,4,2,1,3,2,4,4,2,1,4,2,1,4,2,4,5,3,2,4,4,1,4,2,4,5,1,1,5,2,1,4,4,1,22458,
03/07/2018 11:43,03/07/2018 11:50,0,82.33.163.213,100,402,1,03/07/2018 11:50,R_1FgsiaNxJFdQBmM,,,,,52.42419434,-1.463806152,anonymous,EN,1,1,,2,Indonesia,1,0,0,0,0,0,0,0,0,0,0,0,1,3,1,3,3,2,1,1,1,2,3,1,2,4,3,2,2,2,3,3,4,2,4,4,3,4,2,2,3,3,2,4,3,3,2,2,3,2,2,3,2,2,4,4,3,3,3,4,2,4,4,2,4,3,3,4,3,3,4,4,4,3,2,2,2,2,3,5,3,2,4,3,3,22379,
03/07/2018 17:15,03/07/2018 17:22,0,82.132.212.146,100,448,1,03/07/2018 17:22,R_3fr4iz2nkEeqD5Y,,,,,52.41670227,-1.550003052,anonymous,EN,1,1,23,7,Malaysia,1,1,0,1,1,1,1,1,0,1,1,1,1,4,3,3,4,1,3,1,3,2,2,1,2,2,3,2,4,2,4,3,2,4,4,2,4,4,4,4,4,4,4,3,4,2,4,2,2,4,3,2,4,4,4,4,4,4,2,2,3,4,4,4,2,2,4,4,4,4,4,4,4,4,2,4,4,4,2,3,3,4,3,4,4,17855,
03/07/2018 17:22,03/07/2018 17:35,0,82.132.212.146,100,736,1,03/07/2018 17:35,R_DJnzJjHHsXI8aQ1,,,,,52.41670227,-1.550003052,anonymous,EN,1,1,,7,Malaysia,1,1,0,1,1,1,1,1,0,1,1,1,1,4,4,4,3,1,3,3,2,1,2,2,2,2,3,2,4,2,4,3,2,4,4,2,4,4,4,3,4,4,4,3,4,2,4,2,2,4,3,2,4,4,4,2,4,4,2,2,3,4,3,4,2,2,4,3,4,3,3,4,4,4,2,4,4,4,4,3,3,4,3,4,4,17855,
03/07/2018 21:01,03/07/2018 21:11,0,86.166.85.40,100,565,1,03/07/2018 21:11,R_2Ua2twn3QpkLC9I,,,,,52.41670227,-1.550003052,anonymous,EN,1,1,22,7,Malaysia,2,1,1,1,1,1,1,1,1,0,1,1,1,3,4,3,2,1,3,3,2,3,2,2,2,1,3,2,2,4,2,2,2,2,2,4,2,4,4,3,4,4,2,4,3,2,2,2,4,4,2,3,4,4,2,2,2,2,4,4,2,4,4,4,4,4,2,3,2,2,2,4,2,3,3,3,2,4,3,3,2,4,3,4,2,20467,
03/07/2018 23:44,03/07/2018 23:52,0,46.102.203.170,100,507,1,03/07/2018 23:52,R_2Pu0wkw23U7uFtM,,,,,52.41670227,-1.550003052,anonymous,EN,1,2,21,6,England,2,1,0,1,1,1,1,1,0,0,1,0,0,1,2,4,1,1,3,2,3,1,3,2,2,3,4,2,3,3,2,2,5,5,4,5,3,4,4,4,3,3,4,3,4,5,4,5,5,3,4,3,4,4,3,1,5,3,3,4,3,5,3,3,2,3,3,3,4,5,4,5,4,4,3,4,2,3,4,3,4,4,3,4,3,18114,
04/07/2018 09:19,04/07/2018 09:30,0,137.205.1.161,100,649,1,04/07/2018 09:30,R_3Rr2kEv76LwCiKN,,,,,52.41670227,-1.550003052,anonymous,EN,1,1,22,6,india,1,1,1,1,0,0,0,0,0,0,0,0,0,2,2,1,1,2,2,2,1,2,2,3,1,4,5,5,4,5,5,5,5,1,5,5,4,4,2,1,5,5,5,1,5,4,5,2,3,5,1,5,4,2,3,1,4,2,5,1,5,5,5,5,2,1,1,5,1,5,4,4,4,2,4,4,2,2,4,2,4,2,4,2,5,22313,
04/07/2018 10:40,04/07/2018 10:50,0,137.205.146.14,100,569,1,04/07/2018 10:50,R_3eqms0a3iqsuunt,,,,,52.41670227,-1.550003052,anonymous,EN,1,2,21,3,Spain,2,1,0,1,0,1,1,1,0,0,0,1,0,1,4,2,3,2,4,3,1,2,1,2,2,5,3,4,5,2,1,5,5,3,5,3,4,4,4,4,5,3,2,4,4,1,5,4,4,5,4,4,4,4,2,3,5,4,5,3,5,3,4,4,5,2,4,4,4,2,4,3,2,4,2,2,2,5,3,5,4,4,4,3,5,22285,
04/07/2018 12:00,04/07/2018 12:07,0,90.199.111.151,100,421,1,04/07/2018 12:08,R_2EvrNwBdY7adLOM,,,,,52.41670227,-1.550003052,anonymous,EN,1,2,26,2,indonesia,1,0,1,1,1,0,1,1,0,0,1,0,1,4,1,4,1,3,3,1,3,1,1,1,3,3,5,5,3,5,4,4,4,4,2,4,1,3,3,2,4,4,2,4,2,2,4,5,3,2,3,3,3,4,3,4,4,4,3,4,5,3,3,4,4,2,2,4,2,2,3,3,4,2,3,2,4,2,4,2,2,3,2,5,4,22334,
04/07/2018 15:00,04/07/2018 15:10,0,137.205.238.170,100,548,1,04/07/2018 15:10,R_C2XqeAUL7rghpYt,,,,,52.41670227,-1.550003052,anonymous,EN,1,2,21,4,Zimbabwe,2,0,1,1,1,1,1,1,0,0,1,0,1,3,2,4,2,2,4,1,3,3,2,2,3,3,4,5,4,3,3,4,5,4,4,1,4,5,4,3,1,2,2,4,4,4,4,2,2,4,4,5,4,2,5,2,4,4,2,2,5,2,2,2,2,4,5,2,4,4,4,1,4,5,5,3,4,4,5,4,4,3,4,2,5,22358,
04/07/2018 20:44,04/07/2018 21:00,0,151.227.17.7,100,945,1,04/07/2018 21:00,R_2rr2ZVe0Iwqx9iH,,,,,52.41670227,-1.550003052,anonymous,EN,1,2,22,7,singapore,2,1,1,1,1,1,1,1,1,1,1,1,1,3,4,3,3,3,4,1,2,2,2,3,2,2,4,4,4,4,5,3,4,2,4,4,2,4,4,2,5,2,4,2,4,2,5,4,3,4,2,4,2,4,2,3,1,5,4,3,2,3,4,4,4,4,4,3,3,4,2,5,3,4,2,3,2,2,3,2,3,3,2,4,3,18108,
06/07/2018 00:16,06/07/2018 00:26,0,86.16.14.17,100,588,1,06/07/2018 00:26,R_3eixQS6Zb1HngJz,,,,,52.40660095,-1.512207031,anonymous,EN,1,1,25,2,Taiwan,1,0,0,1,0,0,1,1,1,1,1,1,0,4,4,4,4,4,4,1,2,2,1,3,1,3,2,2,2,2,2,4,4,4,4,4,3,4,4,5,4,2,3,3,3,2,3,2,3,4,2,3,3,2,4,4,4,2,2,4,3,4,4,5,4,2,4,4,4,2,4,3,4,4,3,2,3,4,4,4,3,4,2,2,3,22465,
06/07/2018 02:31,06/07/2018 02:46,0,137.205.1.1,100,851,1,06/07/2018 02:46,R_3KQPZ6hw6bhMQbT,,,,,52.41670227,-1.550003052,anonymous,EN,1,2,26,7,China,1,1,0,1,0,1,0,1,1,1,1,1,0,1,2,2,3,3,3,3,1,1,3,3,1,5,5,5,5,5,5,3,5,2,5,5,5,5,5,2,4,4,1,2,5,3,5,5,2,5,5,3,5,5,5,5,5,3,5,2,5,5,5,3,2,2,2,4,5,3,4,4,3,3,4,2,4,3,4,4,3,3,4,4,4,22467,
06/07/2018 02:32,06/07/2018 02:48,0,137.205.1.202,100,954,1,06/07/2018 02:48,R_1roY8V0LkIQZrkY,,,,,52.41670227,-1.550003052,anonymous,EN,1,2,22,1,China,2,1,0,1,1,0,1,1,0,1,0,0,0,2,2,1,2,1,4,2,3,1,2,2,1,4,4,3,4,2,4,4,3,3,4,4,5,3,5,1,3,4,1,4,2,2,5,5,2,5,2,4,4,4,5,4,4,3,3,2,3,4,5,2,1,1,5,4,5,2,3,5,2,4,4,2,4,2,4,4,2,3,3,2,3,22468,
06/07/2018 02:32,06/07/2018 02:49,0,137.205.1.250,100,1052,1,06/07/2018 02:49,R_2Ea8eAJDCNn7eHT,,,,,52.41670227,-1.550003052,anonymous,EN,1,2,23,1,China,2,1,1,1,1,1,1,1,1,0,1,1,1,2,3,4,1,4,4,3,3,1,2,2,3,4,3,2,4,4,2,3,3,4,4,4,3,3,4,2,4,5,2,4,2,1,4,4,3,5,2,4,4,4,3,3,4,5,4,2,5,2,4,4,4,2,1,5,4,2,2,4,4,1,2,4,2,2,5,2,2,2,3,3,5,22466,
06/07/2018 13:36,06/07/2018 13:42,0,137.205.238.82,100,416,1,06/07/2018 13:42,R_1mwVjXVlhu2OelY,,,,,52.41670227,-1.550003052,anonymous,EN,1,2,21,2,India,2,0,1,1,1,1,1,0,1,1,1,0,1,1,1,4,4,1,3,3,2,3,3,2,1,4,4,4,3,4,3,4,4,4,3,5,4,3,4,2,4,1,3,4,3,5,4,1,4,4,3,4,3,3,2,5,4,3,2,3,4,3,4,4,3,2,3,4,3,4,4,3,4,3,3,3,4,4,2,4,4,3,2,2,4,21137,
06/07/2018 16:00,06/07/2018 16:08,0,2.223.132.48,100,492,1,06/07/2018 16:08,R_3e4Z002C27JjvdI,,,,,52.41670227,-1.550003052,anonymous,EN,1,2,22,1,Hong Kong,2,1,0,1,1,0,1,1,0,1,0,0,1,4,4,3,3,2,4,3,2,1,1,2,2,2,3,2,2,4,4,4,3,3,4,4,4,4,4,4,4,4,4,2,1,4,3,2,5,5,1,2,2,5,5,2,2,2,1,4,3,4,4,4,2,2,5,5,2,5,1,3,4,2,3,2,2,4,4,4,4,2,2,2,4,22433,
06/07/2018 18:51,06/07/2018 19:04,0,178.98.209.36,100,764,1,06/07/2018 19:04,R_240gPFeddOKAZmT,,,,,53.3999939,-2.149993896,anonymous,EN,1,1,26,5,England,1,0,1,1,0,1,1,0,0,1,0,0,0,4,1,3,4,1,2,1,2,3,2,2,2,3,2,4,3,2,2,4,4,4,4,5,3,4,4,4,3,4,2,4,3,2,2,2,4,5,2,3,4,2,2,5,2,3,2,3,4,4,4,4,2,4,3,2,4,2,4,4,2,3,2,2,2,2,2,3,3,2,4,4,4,22471,
06/07/2018 22:56,06/07/2018 23:04,0,2.222.67.102,100,474,1,06/07/2018 23:04,R_2bNKPiTDhHE8izH,,,,,52.41670227,-1.550003052,anonymous,EN,1,2,28,7,Malaysia,1,1,1,1,1,1,1,1,1,1,1,1,1,4,1,1,3,2,4,1,2,2,1,3,3,1,4,2,3,4,5,3,2,5,2,4,2,1,4,2,3,3,2,3,2,2,3,4,5,4,2,2,3,2,5,3,4,4,1,3,2,2,2,5,1,2,3,4,3,2,1,3,4,1,4,2,3,4,5,1,4,5,1,5,2,19793,
08/07/2018 11:00,08/07/2018 11:06,0,86.166.84.171,100,358,1,08/07/2018 11:06,R_1KpCvehGQE7plMz,,,,,52.41670227,-1.550003052,anonymous,EN,1,2,21,7,malaysia,1,1,0,1,1,1,1,1,0,1,1,0,1,2,2,3,4,2,4,1,1,1,2,1,1,4,4,3,3,2,2,3,5,4,2,4,5,3,5,4,4,3,2,4,4,5,5,5,2,4,2,4,2,5,4,3,2,4,3,4,5,3,4,4,4,2,4,4,4,4,3,4,4,3,3,4,4,2,4,2,2,4,3,2,4,21156,
09/07/2018 10:39,09/07/2018 10:50,0,31.205.235.185,100,621,1,09/07/2018 10:50,R_1gCQuNRIqWe9Tuy,,,,,52.40660095,-1.512207031,anonymous,EN,1,1,25,1,Germany,2,1,0,1,1,0,1,1,1,0,1,1,1,4,1,3,1,4,4,1,2,2,3,2,2,4,4,2,4,4,2,4,5,1,5,5,1,4,3,2,4,4,3,3,4,3,4,3,4,4,3,4,4,3,2,4,4,4,4,3,4,4,4,4,4,2,2,4,3,4,3,4,3,3,4,3,2,2,4,2,3,3,4,3,3,22459,
09/07/2018 15:35,09/07/2018 15:49,0,137.205.17.37,100,872,1,09/07/2018 15:49,R_3FQHiunEq3UIwu5,,,,,52.41670227,-1.550003052,anonymous,EN,1,1,49,1,India,2,1,1,0,0,1,0,0,1,1,1,0,1,4,2,2,3,4,1,3,2,1,2,2,2,2,5,2,4,4,4,1,4,2,4,4,4,3,4,2,2,5,2,4,4,2,4,4,3,3,2,2,2,4,4,4,4,4,2,4,3,4,4,4,4,4,3,4,4,2,4,4,2,4,4,4,2,4,4,4,5,2,2,4,2,22375,
09/07/2018 17:21,09/07/2018 17:32,0,84.13.78.146,100,672,1,09/07/2018 17:32,R_3p53s60kEF2y5Lv,,,,,54.91189575,-1.383300781,anonymous,EN,1,2,19,3,United Kingdom,2,1,1,0,1,1,1,1,0,1,1,1,1,3,3,4,3,2,3,1,1,1,1,3,1,2,2,4,4,2,4,4,4,4,2,4,3,4,3,4,2,4,4,2,4,4,4,3,4,2,2,2,4,4,2,2,4,4,2,4,4,3,4,2,3,3,4,4,4,4,4,4,4,3,2,3,4,4,4,2,4,2,2,4,2,21920,
09/07/2018 17:36,09/07/2018 17:48,0,82.33.83.133,100,714,1,09/07/2018 17:48,R_2wj1G2FOmgDR4Nl,,,,,52.44140625,-1.499893188,anonymous,EN,1,1,22,1,India,1,0,1,1,1,0,1,1,1,1,1,1,1,4,4,3,3,3,3,2,3,1,1,2,3,3,4,3,4,3,5,4,5,3,2,3,5,4,3,2,4,2,4,2,4,4,4,3,3,4,2,4,3,3,4,4,2,3,2,2,3,5,4,4,4,2,2,4,4,4,3,4,3,4,3,4,4,2,2,4,3,3,2,2,4,21989,
09/07/2018 20:20,09/07/2018 20:36,0,137.205.1.181,100,936,1,09/07/2018 20:36,R_11iGbNJcD383wBu,,,,,52.41670227,-1.550003052,anonymous,EN,1,2,23,7,Hong Kong,1,0,0,0,0,0,0,0,0,0,0,0,0,3,1,3,3,3,2,1,2,3,3,1,3,3,2,2,3,4,4,5,4,4,1,5,2,4,3,2,1,5,3,3,4,4,3,4,2,5,2,2,1,4,4,2,2,4,1,4,4,3,3,3,2,4,4,3,3,4,2,4,3,3,3,4,2,4,4,3,4,3,1,4,4,22460,
10/07/2018 19:52,10/07/2018 20:08,0,137.205.1.68,100,996,1,10/07/2018 20:08,R_D1uS6o0gOSh9Cy5,,,,,52.41670227,-1.550003052,anonymous,EN,1,2,26,3,Taiwan,1,1,1,1,1,1,1,1,1,0,0,0,1,1,2,2,3,3,1,3,2,2,1,1,1,4,1,1,4,5,1,4,4,5,2,5,4,1,1,3,5,5,1,5,1,1,3,4,2,5,1,2,4,5,1,4,4,4,1,5,1,2,4,5,5,5,4,5,3,2,4,4,2,3,4,2,4,5,4,1,1,4,2,4,2,22456,
10/07/2018 23:05,10/07/2018 23:16,0,82.13.9.191,100,625,1,10/07/2018 23:16,R_3dN5AkeVYcEbi2K,,,,,52.30000305,-1.533294678,anonymous,EN,1,1,21,5,Wales,2,1,1,1,1,1,1,1,1,1,1,1,1,1,4,3,1,1,2,3,2,3,2,2,2,4,4,4,3,2,3,4,4,3,3,4,3,4,4,2,4,3,2,3,4,3,4,3,4,4,2,4,4,3,4,4,4,4,4,4,3,4,2,4,2,3,3,3,2,4,4,4,4,4,2,2,2,4,3,4,4,4,3,4,3,20989,
11/07/2018 14:33,11/07/2018 14:45,0,213.205.242.52,100,733,1,11/07/2018 14:45,R_2RPt4TdzdSHoSCm,,,,,52.46670532,-1.916702271,anonymous,EN,1,2,31,3,Denmark,2,1,0,1,1,0,1,1,1,1,0,1,0,1,2,2,2,3,3,2,1,1,3,3,1,3,1,4,4,2,4,4,4,1,5,4,3,4,4,2,2,4,3,4,3,3,4,4,2,4,1,5,3,4,2,4,3,4,4,3,3,4,3,3,2,3,3,5,2,4,2,4,2,3,3,2,3,2,3,5,3,3,3,3,3,17058,
11/07/2018 16:15,11/07/2018 16:30,0,82.132.240.89,100,855,1,11/07/2018 16:30,R_1kYXtA5SVaD5eXL,,,,,51.48330688,0.083297729,anonymous,EN,1,2,23,7,Malaysia,2,1,1,1,1,1,1,1,0,1,1,0,1,4,1,4,3,4,2,1,3,1,3,2,1,1,1,4,3,3,2,2,3,2,2,5,4,4,5,1,4,4,2,3,4,2,3,3,4,4,2,3,2,5,3,2,4,4,3,4,5,2,5,3,3,2,2,3,4,3,3,4,2,1,4,4,5,4,4,3,3,3,2,3,3,17889,
11/07/2018 16:53,11/07/2018 17:11,0,5.80.37.85,100,1097,1,11/07/2018 17:11,R_r1Pp3YGFeNGztex,,,,,52.38330078,-1.583297729,anonymous,EN,1,2,24,2,Ghana,2,0,1,1,1,0,1,0,0,1,0,0,1,3,1,2,3,1,3,2,1,1,2,1,1,4,2,5,4,5,5,3,2,2,2,1,5,4,2,2,1,1,1,5,5,5,1,2,4,4,5,2,1,4,5,1,4,2,2,1,5,4,2,2,1,2,2,4,4,5,1,2,5,1,1,2,5,2,5,3,4,4,2,2,5,22484,
11/07/2018 22:59,11/07/2018 23:01,0,86.166.84.171,100,147,1,11/07/2018 23:01,R_1FFdyFPTZLwMYx6,,,,,52.41670227,-1.550003052,anonymous,EN,1,2,22,4,malaysia,1,0,1,1,0,1,1,0,0,1,1,1,1,1,4,2,4,3,4,1,2,2,3,2,2,2,4,4,3,4,3,3,3,2,3,4,2,3,3,3,4,2,2,3,3,3,4,2,2,4,2,2,2,2,2,2,4,2,3,4,2,3,3,4,3,2,4,4,1,5,2,3,3,1,3,3,1,2,4,3,5,4,2,3,3,22485,
12/07/2018 12:35,12/07/2018 12:40,0,80.189.227.128,100,336,1,12/07/2018 12:40,R_1N1ViOz2BWqRrlA,,,,,52.13710022,-1.666793823,anonymous,EN,1,1,,7,china,2,1,0,1,1,0,1,1,0,1,1,1,1,3,2,4,3,2,3,3,3,2,3,1,1,1,4,3,4,2,3,3,4,2,3,4,2,4,2,2,4,4,4,2,4,3,5,4,2,3,4,4,4,2,4,3,4,3,3,2,4,3,4,4,3,2,2,3,4,4,3,3,2,4,4,2,4,3,2,3,4,2,3,3,4,22333,
12/07/2018 15:12,12/07/2018 19:19,0,137.205.238.132,100,14805,1,12/07/2018 19:19,R_qEpT2xhSZsoPPVv,,,,,52.41670227,-1.550003052,anonymous,EN,1,2,24,1,China,2,0,1,0,1,1,1,1,0,1,0,0,1,3,1,1,3,2,3,1,1,1,2,2,2,3,3,3,3,4,3,4,4,3,4,4,3,4,2,2,4,4,2,2,2,2,3,3,2,4,2,4,4,3,3,3,2,4,3,4,3,4,3,3,3,3,3,3,4,2,3,3,2,3,2,3,2,3,3,3,3,3,4,3,4,21113,
13/07/2018 22:45,13/07/2018 22:51,0,31.205.3.40,100,375,1,13/07/2018 22:51,R_2P5q0MlhhclnPN3,,,,,52.40660095,-1.512207031,anonymous,EN,1,1,23,2,Hong Kong,1,0,1,0,0,0,0,0,0,0,1,0,0,3,2,4,2,1,1,2,3,1,2,2,3,2,5,4,4,3,4,3,5,3,2,5,2,4,4,2,2,4,4,2,2,2,3,5,2,4,3,3,2,5,4,2,4,4,2,5,2,2,4,4,3,4,1,4,2,4,2,5,2,2,5,3,2,4,4,4,3,2,2,4,4,22109,
15/07/2018 10:20,15/07/2018 10:27,0,5.71.76.2,100,427,1,15/07/2018 10:27,R_Z4Tpjd3lh8KwB4R,,,,,52.41670227,-1.550003052,anonymous,EN,1,2,22,6,England,2,1,0,0,1,1,0,1,0,1,1,0,1,3,1,4,4,1,3,2,3,2,2,2,2,3,5,4,3,4,4,2,5,5,2,4,4,4,4,4,2,4,3,3,4,4,3,4,4,2,4,4,2,4,4,4,4,4,2,4,4,4,4,4,2,4,4,3,4,4,2,4,5,4,2,4,2,5,4,3,4,4,1,5,5,22482,
15/07/2018 23:55,16/07/2018 00:03,0,5.151.181.10,100,439,1,16/07/2018 00:03,R_1CDuEQ7xHmvZdmP,,,,,51.54679871,-0.009597778,anonymous,EN,1,2,21,2,UK,2,1,1,0,1,0,1,0,0,1,1,1,0,3,2,4,2,1,2,1,2,3,2,3,2,5,5,3,4,4,3,4,4,3,4,5,5,4,2,3,2,5,1,4,2,3,2,4,4,1,5,4,4,4,2,4,5,4,4,5,3,2,2,3,4,5,2,2,2,2,4,4,5,3,2,2,2,4,2,4,4,2,4,4,5,22113,
16/07/2018 14:50,16/07/2018 15:01,0,137.205.238.117,100,658,1,16/07/2018 15:01,R_PRR89Nyav1Jq07f,,,,,52.41670227,-1.550003052,anonymous,EN,1,2,26,6,Guatemala,1,1,1,0,0,1,1,0,1,0,1,1,1,3,4,4,1,3,2,1,2,1,2,2,3,5,3,5,4,5,5,3,4,2,5,5,5,5,2,1,5,5,1,1,3,1,4,2,4,4,3,2,5,4,1,1,2,4,3,4,4,4,5,3,5,4,1,4,2,2,2,5,3,4,4,1,3,4,1,5,3,1,4,2,5,22420,
16/07/2018 14:50,16/07/2018 15:02,0,137.205.238.177,100,731,1,16/07/2018 15:02,R_ZaTyCRd8BkfF8MV,,,,,52.41670227,-1.550003052,anonymous,EN,1,2,24,7,United States,2,0,1,1,0,1,0,1,1,1,0,1,1,1,4,4,3,3,2,2,1,1,2,1,1,4,5,4,4,2,2,2,5,1,5,4,2,2,5,1,5,1,1,1,5,2,4,2,3,4,2,2,4,2,4,2,4,2,3,5,2,4,4,1,2,2,1,2,5,2,2,2,2,4,3,2,5,4,3,4,4,3,3,3,4,22500,
16/07/2018 17:44,16/07/2018 17:54,0,137.205.100.69,100,631,1,16/07/2018 17:54,R_1gRxf1hQHLmUWgJ,,,,,52.41670227,-1.550003052,anonymous,EN,1,1,22,2,india,2,1,1,1,0,0,1,0,0,0,0,0,0,3,1,2,2,2,1,3,3,1,2,1,2,3,4,3,3,3,4,4,4,3,4,4,3,4,4,4,4,4,3,3,4,4,3,2,3,4,2,3,2,4,3,4,3,2,3,4,5,3,3,2,4,5,3,4,2,2,2,5,5,3,2,2,3,4,3,5,3,3,3,4,5,21756,
17/07/2018 01:12,17/07/2018 01:22,0,137.205.0.170,100,626,1,17/07/2018 01:22,R_3erc5uZxXfp8wzC,,,,,52.41670227,-1.550003052,anonymous,EN,1,1,24,1,Taiwan,2,1,0,0,1,1,1,1,1,1,1,1,1,3,3,3,4,4,4,2,3,1,3,2,2,5,5,2,5,2,3,4,5,2,4,1,3,3,4,2,4,2,3,4,5,4,5,1,2,5,4,2,5,2,3,3,4,1,4,4,3,5,4,3,4,1,4,5,5,5,4,2,4,5,4,3,5,2,4,4,3,3,4,2,3,22505,
17/07/2018 11:09,17/07/2018 11:19,0,137.205.238.188,100,640,1,17/07/2018 11:19,R_2rH1rnhf8GFWbp9,,,,,52.41670227,-1.550003052,anonymous,EN,1,2,24,1,China,2,1,1,0,0,1,0,0,0,1,1,0,0,4,1,3,3,2,1,1,2,2,1,1,3,4,4,3,4,2,3,4,4,4,3,4,4,4,4,4,3,3,3,4,2,3,4,3,2,4,3,4,3,3,4,4,4,3,3,3,4,4,4,4,3,2,4,4,3,4,3,3,2,4,3,3,4,3,3,4,4,4,4,4,3,21542,
17/07/2018 15:22,17/07/2018 15:31,0,31.205.3.20,100,544,1,17/07/2018 15:31,R_1GE6T7Pv5ucw1Tk,,,,,52.40660095,-1.512207031,anonymous,EN,1,2,25,1,Taiwan,2,1,1,1,1,1,1,1,1,1,1,1,1,2,4,3,3,2,2,2,3,1,3,1,2,3,5,3,4,2,3,4,2,4,2,4,2,3,4,4,3,2,1,3,4,4,3,2,3,2,4,2,3,3,4,2,4,4,2,3,3,2,4,4,3,2,3,4,4,4,3,2,3,2,2,3,4,4,5,1,4,4,3,4,5,22508,
15/07/2018 21:55,15/07/2018 21:55,0,2.217.225.208,5,17,0,17/07/2018 21:55,R_2QY5hYkzt82GrBw,,,,,,,anonymous,EN,1,2,,7,United Kingdom,,,,,,,,,,,,,,,,,,,,,,,,,,,,,,,,,,,,,,,,,,,,,,,,,,,,,,,,,,,,,,,,,,,,,,,,,,,,,,,,,,,,,,20266,
18/07/2018 12:33,18/07/2018 12:53,0,137.205.238.186,100,1205,1,18/07/2018 12:53,R_25G9G8lE1SmfSqi,,,,,52.41670227,-1.550003052,anonymous,EN,1,1,23,1,Germany,2,1,0,1,1,0,1,0,0,1,0,0,1,3,1,3,4,1,4,3,1,1,2,3,1,3,5,5,5,3,4,5,5,2,4,4,4,4,5,2,5,4,2,4,4,5,5,1,5,4,5,4,5,4,2,3,4,4,4,2,5,3,5,2,2,2,4,4,4,5,4,4,3,1,3,4,5,2,2,4,5,2,5,2,2,22398,
19/07/2018 14:13,19/07/2018 14:27,0,194.66.251.58,100,825,1,19/07/2018 14:27,R_3fVL7E7jPcXq6No,,,,,52.28359985,-1.58140564,anonymous,EN,1,1,34,7,Turkey,2,0,0,0,0,0,0,0,0,0,0,0,0,2,1,1,1,1,2,3,1,3,3,1,1,4,4,4,5,2,5,5,5,2,4,4,5,4,1,4,4,4,5,1,5,4,4,1,5,2,2,2,4,5,5,5,5,4,4,3,5,4,5,5,2,4,4,5,5,4,2,4,4,4,2,2,5,4,2,5,4,2,2,4,5,22511,
19/07/2018 17:58,19/07/2018 18:05,0,82.44.39.212,100,471,1,19/07/2018 18:05,R_1fZZ75y813XACap,,,,,52.44140625,-1.499893188,anonymous,EN,1,1,22,3,Malaysia,1,1,0,1,1,0,1,1,0,1,0,0,1,3,1,4,1,2,3,1,1,3,1,2,1,2,4,2,3,4,5,3,3,2,1,5,5,4,4,3,4,3,3,4,4,4,2,4,4,4,2,3,2,4,5,4,4,4,1,5,5,1,4,4,3,3,2,4,2,3,1,3,4,2,4,3,2,4,4,4,4,3,1,3,4,18035,
19/07/2018 18:41,19/07/2018 18:51,0,137.205.1.3,100,630,1,19/07/2018 18:51,R_2Vr6FTNVGdkZvyt,,,,,52.41670227,-1.550003052,anonymous,EN,1,2,23,4,Germany,1,1,1,1,1,0,1,1,1,1,1,0,1,3,1,2,2,2,1,1,3,2,1,3,3,4,5,1,3,4,1,5,5,2,5,5,1,5,5,1,2,4,4,5,3,2,4,3,4,3,4,1,3,2,2,5,5,4,3,5,2,4,4,3,5,1,4,4,4,2,4,5,2,2,4,1,2,5,2,4,4,1,3,2,2,22409,
19/07/2018 19:51,19/07/2018 19:55,0,86.168.160.224,100,248,1,19/07/2018 19:55,R_3lKdLN5yoVQOkSK,,,,,52.43330383,-1.416702271,anonymous,EN,1,1,,3,Yorkshire,1,0,1,1,0,0,1,0,0,0,0,1,0,1,3,3,1,2,2,1,2,1,3,2,3,5,1,5,5,1,1,4,5,5,5,1,1,5,1,5,5,5,5,5,1,5,5,1,5,5,1,5,5,4,1,5,4,5,5,1,1,1,1,5,5,4,5,5,1,5,5,4,5,5,1,5,5,4,2,5,1,5,2,1,1,22514,
20/07/2018 10:37,20/07/2018 10:49,0,137.205.17.108,100,742,1,20/07/2018 10:49,R_1P1QtLxIO3SVKND,,,,,52.41670227,-1.550003052,anonymous,EN,1,1,36,7,Tunisia,2,1,1,1,1,1,0,1,0,0,1,0,1,4,2,4,1,2,1,2,1,1,1,1,1,3,3,3,4,5,5,3,4,2,4,3,5,3,4,3,5,4,4,3,2,3,4,4,3,2,2,3,3,5,3,3,2,4,3,4,5,3,3,4,4,4,4,4,3,4,3,4,4,3,2,2,4,3,4,2,2,4,3,4,5,22158,
20/07/2018 11:49,20/07/2018 11:57,0,81.131.42.226,100,495,1,20/07/2018 11:57,R_3FPXvtRyobSQAD2,,,,,52.46670532,-1.916702271,anonymous,EN,1,2,27,1,china,1,0,1,1,1,0,0,0,0,0,0,1,1,2,1,1,2,1,3,1,3,1,3,3,1,4,5,2,4,3,2,5,3,3,4,4,4,4,5,4,4,2,2,4,4,3,4,2,4,4,3,2,3,4,4,2,2,2,2,3,4,3,4,4,2,2,4,3,4,4,1,2,3,2,2,2,3,2,2,2,4,5,2,2,3,21685,
20/07/2018 15:07,20/07/2018 15:16,0,137.205.1.162,100,543,1,20/07/2018 15:16,R_3e90YS3chF8zgiU,,,,,52.41670227,-1.550003052,anonymous,EN,1,2,23,1,China,2,0,1,1,1,0,1,1,0,0,1,0,1,4,3,4,3,2,2,2,1,3,2,3,3,3,4,3,3,4,4,4,3,4,4,4,3,4,4,4,4,3,2,2,4,3,4,2,4,3,3,2,4,4,4,3,3,4,3,4,4,4,4,3,4,3,3,4,4,3,3,3,4,2,2,2,4,4,4,4,4,4,2,3,4,22248,
20/07/2018 16:10,20/07/2018 16:18,0,137.205.101.73,100,483,1,20/07/2018 16:18,R_2vZcdYDldfoOP2a,,,,,52.41670227,-1.550003052,anonymous,EN,1,1,23,2,Thailand,2,0,0,1,1,1,1,1,1,1,1,0,1,3,1,3,4,4,4,1,2,1,3,3,1,3,4,3,2,4,5,5,5,3,5,3,4,5,3,2,3,5,5,3,3,2,2,3,2,3,4,2,2,3,5,3,2,3,2,2,4,3,4,4,3,4,4,3,4,3,2,5,1,4,4,2,2,3,2,4,4,3,2,4,4,22012,
21/07/2018 15:56,21/07/2018 20:08,0,137.205.1.137,100,15087,1,21/07/2018 20:08,R_12ikS7ZlhSYEeu5,,,,,52.41670227,-1.550003052,anonymous,EN,1,1,26,1,Syria,2,1,0,1,1,0,1,1,0,1,1,0,0,3,1,3,1,1,3,1,2,1,3,2,1,5,1,3,2,2,4,4,4,2,1,5,3,4,5,2,3,4,3,4,4,3,2,3,3,5,1,3,2,4,5,4,4,2,1,5,5,4,5,3,2,5,1,4,3,3,3,3,4,4,4,2,2,5,5,4,2,5,3,3,5,22494,
23/07/2018 00:16,23/07/2018 00:29,0,5.151.196.147,100,804,1,23/07/2018 00:29,R_brzUdExRhyR71br,,,,,52.40660095,-1.512207031,anonymous,EN,1,2,24,1,China,1,1,1,1,0,0,1,1,1,0,1,1,1,2,4,1,4,4,3,1,3,1,2,2,3,4,3,4,3,3,3,4,4,4,3,3,5,4,4,3,3,4,2,4,4,4,3,3,3,5,4,2,3,4,3,4,2,4,3,4,4,5,3,3,2,2,3,4,4,4,2,2,3,4,4,4,4,4,4,4,4,3,4,4,5,21169,
24/07/2018 11:36,24/07/2018 11:44,0,2.222.67.102,100,499,1,24/07/2018 11:44,R_1KwpXUrsqZD07zI,,,,,52.41670227,-1.550003052,anonymous,EN,1,1,28,7,Australia,1,0,1,0,0,0,0,0,0,0,0,1,0,1,2,3,2,2,3,3,1,3,1,2,1,3,4,2,4,3,3,5,5,1,4,4,4,4,4,2,4,4,2,4,3,2,4,4,4,5,3,3,2,3,3,4,3,4,4,4,4,3,4,4,4,3,2,4,2,4,3,4,4,2,4,4,2,2,4,4,3,4,4,2,5,22491,
25/07/2018 11:15,25/07/2018 11:19,0,137.205.1.71,100,276,1,25/07/2018 11:19,R_8jGwsu3XI42KemB,,,,,52.41670227,-1.550003052,anonymous,EN,1,2,22,1,Malaysia,1,0,0,0,0,0,0,0,0,0,0,0,0,3,3,4,4,4,1,3,2,3,2,2,2,4,3,3,4,4,5,3,4,4,2,4,3,3,5,3,2,2,2,4,4,4,5,4,2,2,2,4,1,4,4,2,3,4,2,3,3,3,4,4,3,4,2,4,3,3,2,4,4,4,2,3,2,4,4,2,3,2,1,4,2,22520,
26/07/2018 14:48,26/07/2018 14:58,0,86.10.101.189,100,631,1,26/07/2018 14:58,R_1eQXeorN8J6l4Pw,,,,,52.31230164,-1.504699707,anonymous,EN,1,2,23,7,England,1,0,1,1,1,0,1,0,0,0,1,1,0,3,4,4,2,2,2,3,1,2,3,2,2,2,3,2,4,4,2,2,4,2,5,4,2,2,4,2,5,5,3,2,4,4,3,5,3,3,2,3,4,4,4,5,4,2,4,4,3,4,4,2,4,5,3,2,4,4,4,5,2,2,4,4,4,1,4,3,3,1,4,4,4,22523,
26/07/2018 15:04,26/07/2018 16:12,0,137.205.9.41,100,4041,1,26/07/2018 16:12,R_r2oLEUmu22AfKM1,,,,,52.41670227,-1.550003052,anonymous,EN,1,2,30,6,UK,2,1,1,1,1,1,1,1,1,1,1,1,1,3,1,3,2,1,1,1,3,2,3,2,1,5,5,5,5,1,5,5,5,3,5,3,5,5,5,3,1,1,5,5,5,5,5,1,5,5,5,5,3,1,5,5,5,3,3,3,5,5,5,3,3,1,5,5,5,3,3,3,5,5,5,3,5,3,5,5,3,3,1,3,5,22521,
17/09/2018 19:15,17/09/2018 19:22,0,82.13.9.84,100,452,1,17/09/2018 19:22,R_2E0MFAveiOoJiiX,,,,,52.30000305,-1.533294678,anonymous,EN,1,2,20,3,England,1,1,0,1,1,1,1,1,1,1,1,0,1,3,2,4,3,1,4,1,2,3,1,1,2,2,4,2,4,3,4,4,3,2,5,5,5,5,4,2,4,4,3,4,3,2,3,2,3,5,2,4,2,4,1,2,3,4,4,4,5,4,4,4,3,3,3,3,3,2,3,2,2,4,4,4,1,3,4,5,2,2,5,2,3,22578,
18/09/2018 09:55,18/09/2018 10:20,0,137.205.95.52,100,1533,1,18/09/2018 10:20,R_ClZvYUKsWbqYN33,,,,,52.41670227,-1.550003052,anonymous,EN,1,2,22,3,England,1,1,1,0,0,1,1,0,0,0,0,0,0,1,2,1,1,2,2,1,1,2,1,1,1,3,4,4,4,1,2,4,4,3,4,5,1,3,4,2,4,2,2,4,3,4,4,4,4,4,4,2,4,3,2,3,2,4,3,4,2,2,4,4,4,1,4,4,2,4,2,3,4,3,4,4,2,4,4,4,3,2,3,4,2,22363,
18/09/2018 10:14,18/09/2018 10:39,0,137.205.95.75,100,1503,1,18/09/2018 10:39,R_32606a0NoyluuHV,,,,,52.41670227,-1.550003052,anonymous,EN,1,1,22,1,UK,2,1,1,1,1,0,1,1,1,0,1,1,1,2,4,4,2,1,4,3,2,2,3,1,1,2,1,4,5,2,3,3,2,4,5,1,2,2,4,2,5,2,2,4,5,5,4,1,4,2,3,3,4,2,4,4,2,4,4,1,5,2,4,3,5,1,3,3,3,5,5,2,5,1,2,3,5,1,5,1,1,2,4,1,3,22540,
18/09/2018 12:17,18/09/2018 12:25,0,86.187.161.126,100,461,1,18/09/2018 12:25,R_2tusaLC0oGDsorD,,,,,51.49639893,-0.122406006,anonymous,EN,1,1,19,5,England,1,1,1,1,1,0,1,1,0,1,1,0,1,2,4,1,1,1,3,1,3,1,3,3,3,2,4,3,5,2,4,2,4,4,4,2,4,4,4,4,4,2,2,4,3,4,5,3,4,4,4,2,4,2,4,2,4,4,4,2,4,4,4,4,4,2,2,3,4,4,4,4,3,2,4,4,4,2,4,2,2,4,4,4,4,21786,
18/09/2018 14:15,18/09/2018 14:21,0,82.13.9.84,100,372,1,18/09/2018 14:21,R_1F49C3VyVvyqdRq,,,,,52.30000305,-1.533294678,anonymous,EN,1,1,22,5,United Kingdom,2,1,0,1,0,1,1,1,1,1,1,0,1,3,1,4,3,4,3,1,3,3,1,2,2,4,5,1,4,2,2,5,5,2,5,5,3,4,4,4,3,4,4,4,4,3,4,4,5,5,2,2,5,4,4,4,4,4,5,4,5,5,4,4,4,2,4,4,4,2,4,5,5,4,3,4,4,4,4,4,4,4,4,5,5,19729,
18/09/2018 14:20,18/09/2018 14:29,0,137.205.72.193,100,532,1,18/09/2018 14:29,R_VIQ9DVwNmtzC9fX,,,,,52.41670227,-1.550003052,anonymous,EN,1,2,34,3,Italy,2,1,0,1,1,1,0,1,0,1,1,0,1,3,1,4,4,1,3,2,1,3,1,3,3,5,4,4,4,3,3,4,5,4,4,4,4,5,4,4,5,4,5,3,4,4,4,3,4,5,3,3,5,3,3,5,5,5,3,3,4,4,5,4,3,3,3,4,4,3,4,4,5,4,4,3,2,4,5,4,3,2,3,4,5,,
18/09/2018 18:07,18/09/2018 18:18,0,80.7.155.203,100,627,1,18/09/2018 18:18,R_2AT1CF3phQ8XSQ8,,,,,52.30000305,-1.533294678,anonymous,EN,1,2,19,1,"Guernsey, Channel Islands",1,1,0,1,0,0,0,0,0,1,0,0,0,3,2,4,4,2,4,2,2,3,3,2,3,3,4,3,2,2,4,4,5,3,3,5,3,1,5,4,1,4,4,4,4,2,2,5,5,3,5,2,3,2,4,3,4,2,3,5,2,1,4,4,4,4,4,3,4,2,2,5,5,1,5,2,2,5,2,3,4,4,2,5,4,21987,
19/09/2018 00:02,19/09/2018 00:09,0,46.208.209.129,100,403,1,19/09/2018 00:09,R_1ruyAq2MZBZrtLA,,,,,52.38330078,-1.583297729,anonymous,EN,1,1,22,2,Hong kong,1,0,0,0,0,0,0,0,0,0,0,0,0,1,4,2,1,3,2,3,2,2,3,3,2,1,5,2,5,2,3,5,5,4,3,5,1,5,2,2,5,4,2,4,1,2,5,2,2,2,4,2,5,3,1,4,4,3,4,2,1,4,4,4,5,1,3,2,4,4,4,4,1,3,5,4,4,2,3,1,1,3,4,3,1,22548,
19/09/2018 08:41,19/09/2018 09:00,0,137.205.238.189,100,1116,1,19/09/2018 09:00,R_Y51HNShaijLBw89,,,,,52.41670227,-1.550003052,anonymous,EN,1,2,24,6,Turkey,2,1,0,1,1,1,1,1,1,1,1,0,1,3,2,4,3,4,3,2,2,2,2,2,2,4,4,2,4,2,5,3,4,4,2,2,4,5,2,4,4,3,4,5,4,1,3,2,3,4,2,3,3,4,2,4,4,3,4,1,5,4,3,4,5,3,4,3,3,2,2,2,3,4,1,2,5,3,2,4,3,3,4,3,2,21148,
19/09/2018 09:15,19/09/2018 09:20,0,82.9.198.113,100,306,1,19/09/2018 09:20,R_1gOecVVGHwKHvj2,,,,,52.28359985,-1.58140564,anonymous,EN,1,2,27,2,Indonesia,1,0,1,0,0,0,1,0,0,0,0,0,1,3,1,2,4,3,1,1,1,2,3,2,3,1,4,2,3,5,4,3,3,3,2,4,3,3,4,2,3,4,2,4,3,2,4,4,2,3,2,3,3,3,3,4,4,4,4,3,3,4,3,2,3,3,3,4,2,2,2,4,2,4,2,4,3,2,2,3,3,4,3,3,3,22586,
17/09/2018 12:20,17/09/2018 12:21,0,145.116.46.203,5,46,0,19/09/2018 12:20,R_2qDZqyTctF8cFPP,,,,,,,anonymous,EN,1,1,23,2,Netherlands,,,,,,,,,,,,,,,,,,,,,,,,,,,,,,,,,,,,,,,,,,,,,,,,,,,,,,,,,,,,,,,,,,,,,,,,,,,,,,,,,,,,,,20658,
19/09/2018 15:54,19/09/2018 16:01,0,79.19.94.250,100,442,1,19/09/2018 16:01,R_2QQfUFuS88ZPJeF,,,,,41.89190674,12.51130676,anonymous,EN,1,2,23,6,Italy,2,0,1,1,1,1,0,1,1,1,1,0,1,4,2,4,4,3,4,1,2,3,1,2,2,5,5,2,4,5,4,4,5,4,4,4,5,5,4,2,3,5,1,4,3,4,4,4,5,5,4,1,5,4,4,4,5,3,3,4,5,5,5,4,5,4,2,5,4,2,4,5,3,4,4,2,5,5,5,5,4,3,4,5,5,22588,
20/09/2018 10:43,20/09/2018 10:57,0,86.1.174.168,100,809,1,20/09/2018 10:57,R_3dWwBJ45zaf7vEh,,,,,52.30000305,-1.533294678,anonymous,EN,1,2,18,1,France ,1,1,1,1,1,0,1,1,0,1,0,1,1,3,4,1,3,2,3,2,3,1,1,3,1,3,4,2,4,2,2,4,3,3,4,4,2,3,4,2,3,4,2,3,1,4,4,2,4,4,4,4,2,4,2,4,3,4,3,4,3,4,3,2,4,3,4,3,2,3,3,5,4,3,2,2,4,2,3,4,2,2,4,4,2,21953,
20/09/2018 11:24,20/09/2018 11:37,0,82.33.86.252,100,785,1,20/09/2018 11:37,R_yOpeiWM3KXRBE41,,,,,52.42419434,-1.463806152,anonymous,EN,1,2,19,1,Kazakhstan,1,0,0,0,0,0,0,0,0,0,0,0,0,1,1,1,2,1,2,1,3,2,1,2,1,4,5,4,5,2,2,4,5,2,4,4,4,4,4,3,4,4,2,4,4,2,2,2,4,4,4,3,3,4,4,4,4,4,4,4,4,5,4,4,2,2,4,5,4,4,3,4,5,4,2,4,4,2,4,5,3,5,2,2,4,21139,
20/09/2018 11:48,20/09/2018 11:54,0,137.205.238.22,100,379,1,20/09/2018 11:54,R_2V7pP8J8Amkhpqj,,,,,52.41670227,-1.550003052,anonymous,EN,1,2,22,7,Malaysia,1,1,1,1,1,1,1,1,0,1,1,1,1,4,1,4,1,4,3,3,1,3,2,1,2,3,4,3,2,4,2,4,4,4,4,5,2,2,3,2,4,3,2,3,4,4,4,2,4,2,4,4,2,5,2,3,4,4,4,4,3,3,4,2,3,4,2,2,4,3,4,4,4,2,2,3,1,4,2,3,4,2,4,3,2,22587,
20/09/2018 12:43,20/09/2018 12:53,0,86.1.161.61,100,573,1,20/09/2018 12:53,R_3OoI5XMtXzvAQjt,,,,,52.30000305,-1.533294678,anonymous,EN,1,1,19,4,England,2,1,1,1,1,1,0,1,1,1,1,1,1,3,3,3,4,2,4,3,1,3,2,1,1,5,3,2,4,1,2,5,4,2,4,4,1,4,4,4,3,2,3,5,3,4,4,5,3,4,4,3,4,2,3,4,4,4,4,4,3,5,5,4,3,2,2,5,3,3,4,4,4,4,4,2,4,2,2,5,1,3,4,4,2,22585,
21/09/2018 10:00,21/09/2018 10:09,0,185.69.145.58,100,556,1,21/09/2018 10:09,R_1jHh8osBNj2SROk,,,,,51.50469971,-0.199798584,anonymous,EN,1,1,21,2,United Kingdom,2,0,0,0,0,1,1,0,1,0,1,1,1,4,4,3,4,1,2,2,1,1,1,2,3,4,4,4,5,4,3,4,4,5,5,4,5,5,5,2,2,3,4,5,4,4,4,2,2,4,4,4,4,3,2,5,5,4,3,4,4,3,3,3,3,2,4,4,5,3,4,4,3,3,4,3,5,4,2,5,4,4,3,2,4,18991,
21/09/2018 11:38,21/09/2018 11:44,0,82.132.219.166,100,344,1,21/09/2018 11:44,R_3LaPzBWvtxjKkMN,,,,,51.49639893,-0.122406006,anonymous,EN,1,2,20,4,Malaysia,1,1,1,1,0,1,0,0,1,0,1,0,1,4,4,2,3,4,4,1,2,2,2,1,1,4,5,1,4,5,3,4,3,4,3,5,3,5,2,2,4,5,3,4,4,2,3,4,3,4,3,3,3,5,1,3,3,2,3,5,5,4,2,4,3,5,2,4,2,2,3,5,2,5,2,3,4,5,2,4,4,2,4,5,4,21157,
21/09/2018 14:05,21/09/2018 14:12,0,137.205.16.68,100,396,1,21/09/2018 14:12,R_1GBUhOCDlykMLJQ,,,,,52.41670227,-1.550003052,anonymous,EN,1,1,22,1,Malaysia,1,1,1,1,1,0,1,1,0,1,1,0,1,4,1,3,3,2,4,2,1,3,2,2,1,1,3,3,3,4,5,5,5,3,3,3,3,3,3,3,3,3,3,3,3,3,3,3,3,3,3,3,3,3,3,3,3,3,3,3,5,4,3,4,3,2,1,5,3,3,3,3,1,3,3,4,3,3,3,3,3,3,3,3,3,21846,
21/09/2018 14:08,21/09/2018 14:13,0,86.8.201.244,100,305,1,21/09/2018 14:13,R_24IxMrI4q1KJpii,,,,,51.51420593,-0.093093872,anonymous,EN,1,1,22,3,England,1,0,0,0,0,0,0,0,0,0,0,0,0,1,4,1,1,1,4,3,3,2,3,1,2,1,4,4,5,1,1,1,5,2,4,2,1,5,1,1,5,5,5,1,1,5,5,1,1,5,1,5,5,1,5,5,4,1,5,1,1,5,5,1,5,1,1,5,1,5,5,5,5,1,1,5,1,1,5,1,1,5,1,5,1,19866,
21/09/2018 18:49,21/09/2018 18:58,0,86.180.207.91,100,560,1,21/09/2018 18:58,R_2XcdJFZ6qeLo9pS,,,,,52.90629578,-1.2315979,anonymous,EN,1,1,,4,Scotland,1,1,0,1,0,0,0,0,0,0,0,1,0,1,4,1,4,1,4,3,1,1,1,1,1,5,2,3,3,5,5,5,3,3,4,2,5,5,5,2,3,1,2,5,5,5,3,3,5,5,2,2,4,4,5,5,5,3,3,3,1,1,5,4,3,3,5,5,3,3,4,3,5,1,4,3,5,3,5,5,3,3,1,3,5,13251,
21/09/2018 20:10,21/09/2018 20:15,0,82.13.9.84,100,322,1,21/09/2018 20:15,R_263FmL2omlS1K0C,,,,,52.30000305,-1.533294678,anonymous,EN,1,2,20,3,England,1,1,0,1,1,1,1,1,0,1,0,0,1,4,2,2,4,1,4,3,1,2,1,2,3,2,4,2,3,3,3,4,3,2,5,5,4,5,5,1,4,4,2,4,2,2,2,4,2,5,1,4,3,4,3,1,2,4,4,5,4,5,5,5,4,3,5,2,2,4,2,3,2,4,5,3,1,4,2,5,2,1,5,3,4,22593,
21/09/2018 20:29,21/09/2018 20:37,0,137.205.238.233,100,485,1,21/09/2018 20:37,R_yQsY8PRecrDvoc1,,,,,52.41670227,-1.550003052,anonymous,EN,1,1,20,1,Hungary,1,1,1,0,1,0,1,1,0,1,1,0,1,3,1,4,3,2,4,2,2,2,3,3,3,5,2,3,3,1,2,5,4,2,5,4,1,3,4,2,3,4,1,4,2,1,2,3,3,1,1,3,3,3,3,1,3,3,1,5,1,4,2,3,1,4,1,4,1,1,2,5,3,1,1,1,2,4,2,4,2,3,3,5,1,21661,
21/09/2018 21:14,21/09/2018 21:23,0,80.2.32.92,100,563,1,21/09/2018 21:23,R_OPgCOzLc6pfN5ap,,,,,54.58329773,-5.933303833,anonymous,EN,1,1,21,6,United Kingdom,1,1,1,1,0,1,1,0,0,0,0,0,0,1,3,3,2,4,1,3,2,2,2,1,2,4,4,4,4,1,2,4,4,1,5,4,3,4,5,2,2,2,1,2,4,3,4,5,5,2,5,1,4,2,2,1,4,3,3,4,2,5,4,5,3,1,1,5,4,5,4,2,2,4,5,1,5,3,1,2,4,5,2,3,1,18225,
21/09/2018 23:00,21/09/2018 23:03,0,82.9.198.113,100,146,1,21/09/2018 23:03,R_3DtNEVEOQy6nh6e,,,,,52.28359985,-1.58140564,anonymous,EN,1,2,27,2,indonesia,1,0,1,0,0,1,0,1,1,0,0,0,0,3,3,2,4,3,4,2,1,1,2,3,2,3,3,5,3,2,2,5,3,3,3,2,3,3,2,4,3,3,3,3,3,3,4,4,3,4,2,4,3,3,2,3,2,2,2,3,3,2,3,2,3,3,3,3,3,2,4,3,4,3,3,3,3,3,3,3,3,3,3,3,2,22594,
20/09/2018 12:07,20/09/2018 12:12,0,82.76.81.110,46,327,0,22/09/2018 12:08,R_26bEha2z6mUVihH,,,,,,,anonymous,EN,1,2,22,7,Romania,1,0,1,0,1,0,1,0,1,1,0,1,1,4,2,2,4,4,2,3,1,2,2,3,3,5,5,2,4,4,4,5,5,1,4,,,,,,,,,,,,,,,,,,,,,,,,,,,,,,,,,,,,,,,,,,,,,,,,,,,16649,
22/09/2018 14:36,22/09/2018 14:44,0,88.111.227.70,100,503,1,22/09/2018 14:44,R_32W8VgUhNqbxpg0,,,,,52.39419556,-1.480697632,anonymous,EN,1,1,35,7,England,1,1,1,1,1,0,0,1,0,1,1,0,1,4,1,4,3,1,1,1,3,1,3,3,2,2,5,2,2,4,4,4,5,2,2,2,2,5,5,2,2,2,4,2,4,4,2,1,2,1,4,2,2,2,4,2,4,4,2,1,2,2,4,4,2,1,4,2,4,5,2,2,2,2,2,4,2,1,2,2,4,4,2,2,2,22596,
22/09/2018 17:07,22/09/2018 17:19,0,92.232.111.144,100,747,1,22/09/2018 17:19,R_3m9PlwOodGpFudY,,,,,51.54570007,-0.140304565,anonymous,EN,1,1,20,3,UK,1,0,0,0,0,0,0,0,0,0,0,0,0,1,1,4,4,3,3,3,3,2,3,3,1,5,3,3,3,1,3,5,5,3,3,5,1,3,2,3,1,2,4,5,5,3,3,1,5,5,3,2,3,3,2,1,5,2,1,2,3,4,4,4,2,2,3,5,4,4,2,3,5,3,3,2,3,1,1,5,3,5,1,1,1,22551,
22/09/2018 17:31,22/09/2018 17:40,0,80.47.197.76,100,545,1,22/09/2018 17:40,R_2xKHY8h5n6Op1Up,,,,,52.41670227,-1.550003052,anonymous,EN,1,2,20,2,England,1,0,0,1,1,0,1,1,0,1,1,1,1,4,3,4,3,2,3,3,3,1,1,2,1,4,3,4,3,2,2,3,5,5,4,5,2,4,4,4,4,3,2,4,2,4,4,4,5,2,2,4,4,3,4,2,4,4,3,5,3,3,4,3,2,4,2,3,2,3,3,4,5,2,2,4,1,4,3,2,2,2,2,4,2,20028,
22/09/2018 18:55,22/09/2018 19:00,0,137.205.238.60,100,311,1,22/09/2018 19:00,R_2pRFdVSnKhIBcNE,,,,,52.41670227,-1.550003052,anonymous,EN,1,2,22,2,Malaysia,1,1,1,1,1,1,1,0,1,1,1,0,0,1,2,4,3,4,2,1,3,2,1,2,3,4,4,5,5,4,4,5,5,1,4,5,1,5,5,1,5,5,1,3,2,3,3,5,1,3,2,5,1,2,4,3,2,2,4,2,5,3,4,5,3,3,1,5,2,5,2,5,1,3,4,3,1,1,3,4,3,2,4,2,2,20094,
22/09/2018 22:57,22/09/2018 23:02,0,77.255.244.68,100,332,1,22/09/2018 23:02,R_1KybtpnXPzbpiHZ,,,,,52.25,21,anonymous,EN,1,2,21,1,Many,1,1,1,1,1,1,1,0,0,0,1,0,1,4,3,2,1,2,2,2,1,2,2,2,3,3,5,1,4,1,2,3,5,2,5,4,3,4,5,1,1,1,5,3,4,1,4,2,5,1,5,1,4,2,1,1,5,1,3,4,1,5,5,1,5,1,1,3,5,1,5,3,2,5,3,3,5,4,1,1,5,1,3,4,3,22590,
23/09/2018 12:18,23/09/2018 12:30,0,82.132.215.78,100,735,1,23/09/2018 12:30,R_2Vgzyeu4kqCQDj9,,,,,51.54570007,-0.140304565,anonymous,EN,1,1,19,3,Russia,1,0,1,1,1,0,1,1,0,1,1,0,0,3,4,4,4,2,1,1,3,1,2,1,2,3,4,4,4,2,1,2,5,3,5,4,5,4,4,4,5,3,4,5,4,2,4,1,4,5,2,5,5,2,3,4,4,4,4,3,1,4,4,3,5,4,5,5,4,3,4,2,2,4,1,2,5,4,4,5,3,3,4,3,5,21186,
23/09/2018 15:20,23/09/2018 15:35,0,137.205.1.127,100,934,1,23/09/2018 15:35,R_21b26l5wiilrfBU,,,,,52.41670227,-1.550003052,anonymous,EN,1,1,18,3,Spain,1,0,1,1,1,0,1,1,0,1,1,0,1,4,1,3,3,4,3,3,1,1,2,3,3,1,3,4,5,4,2,1,4,4,2,2,4,1,2,4,4,2,5,3,4,4,5,4,2,1,4,3,3,1,4,2,5,4,2,1,5,5,5,5,4,1,2,5,3,5,3,5,5,2,5,4,5,3,1,1,1,4,2,2,4,22621,
23/09/2018 17:39,23/09/2018 17:45,0,82.33.86.87,100,375,1,23/09/2018 17:45,R_1o70BEqBWpBESw5,,,,,52.42419434,-1.463806152,anonymous,EN,1,2,21,3,UK,1,1,0,0,1,1,1,1,0,1,0,0,1,4,3,1,1,2,1,2,2,3,2,2,2,1,5,3,4,3,4,2,4,5,3,5,3,3,5,2,5,4,3,3,3,5,4,5,4,1,5,3,4,4,3,2,4,4,4,5,4,4,4,4,5,2,4,3,4,5,4,4,5,1,5,5,3,4,4,3,4,3,3,5,2,22630,
23/09/2018 18:04,23/09/2018 18:09,0,137.205.1.61,100,308,1,23/09/2018 18:09,R_31Eq5Bx5kQqM42b,,,,,52.41670227,-1.550003052,anonymous,EN,1,1,20,2,Singapore,1,1,1,0,1,1,1,0,1,1,1,1,0,1,1,3,4,2,4,3,1,2,1,2,1,4,5,3,4,4,5,4,4,4,2,4,5,2,5,4,1,4,4,4,4,4,4,4,4,5,4,4,4,4,2,2,2,4,2,4,5,4,4,4,1,2,5,2,5,5,2,5,4,4,2,4,2,4,2,4,4,4,2,4,4,22633,
23/09/2018 18:08,23/09/2018 18:18,0,194.66.249.146,100,607,1,23/09/2018 18:18,R_tXQVVjHc1e0LgBz,,,,,52.28329468,-1.583297729,anonymous,EN,1,2,24,1,China,2,1,1,1,1,1,1,1,1,1,1,1,1,2,3,2,4,1,3,2,3,3,1,2,3,5,4,4,2,2,4,5,2,2,4,3,2,4,3,2,5,2,2,4,2,2,4,4,2,5,2,2,2,2,4,4,4,3,4,2,3,4,3,4,2,3,5,4,3,2,3,3,4,4,2,3,2,2,4,5,3,3,4,4,3,22634,
23/09/2018 20:53,23/09/2018 21:00,0,137.205.1.100,100,419,1,23/09/2018 21:00,R_0qQTF0GJxbuKCZP,,,,,52.41670227,-1.550003052,anonymous,EN,1,1,21,3,Iran,2,0,1,1,1,1,1,0,1,1,1,0,1,1,1,4,3,4,4,2,3,1,2,2,3,3,4,2,3,4,3,3,4,2,4,4,4,4,4,4,4,3,2,4,4,4,3,1,2,4,3,4,3,4,4,4,4,3,3,3,4,5,4,3,4,2,2,4,4,4,3,5,2,4,4,3,4,3,2,4,3,4,4,2,5,20543,
23/09/2018 21:54,23/09/2018 22:01,0,81.109.247.202,100,444,1,23/09/2018 22:01,R_tErcDSBJbThfm0h,,,,,52.41670227,-1.550003052,anonymous,EN,1,2,22,2,Malaysia,1,1,0,1,1,1,1,1,1,1,0,1,1,4,1,1,3,4,2,2,3,3,3,3,2,4,5,3,5,5,5,3,4,1,4,3,5,2,4,1,3,3,5,1,3,2,5,2,4,5,4,3,4,2,4,4,3,5,5,1,5,3,4,2,5,1,4,4,4,5,4,5,4,2,5,3,2,1,5,3,4,4,4,2,4,22649,
23/09/2018 23:19,23/09/2018 23:34,0,137.205.1.195,100,877,1,23/09/2018 23:34,R_1HhjyX12jnCKtIS,,,,,52.41670227,-1.550003052,anonymous,EN,1,1,18,2,Hungary,1,1,0,0,0,1,1,0,0,1,1,0,1,4,1,2,4,2,1,2,3,1,1,2,2,2,5,1,4,1,1,5,5,1,4,4,3,5,1,1,5,4,2,4,5,2,4,2,5,4,4,1,2,1,1,4,4,3,5,5,3,5,5,1,4,1,4,5,5,2,1,2,1,4,5,1,1,1,5,5,5,2,5,1,4,22653,
23/09/2018 23:58,24/09/2018 00:07,0,137.205.1.203,100,548,1,24/09/2018 00:07,R_1kUdYZ5TDIgFX6N,,,,,52.41670227,-1.550003052,anonymous,EN,1,1,22,5,Lithuania,1,1,1,1,1,1,1,1,1,0,1,0,0,3,2,3,3,4,4,1,2,2,1,1,2,1,4,2,2,3,1,3,2,3,2,5,1,5,2,3,4,4,1,3,3,5,1,4,3,1,4,1,2,3,2,4,3,3,3,1,3,3,3,5,5,1,1,5,1,5,1,5,3,1,1,1,3,1,2,1,5,1,1,1,1,22655,
24/09/2018 18:31,24/09/2018 18:46,0,81.105.235.163,100,929,1,24/09/2018 18:46,R_cCKiPMVSk9ZXjOx,,,,,52.30000305,-1.533294678,anonymous,EN,1,1,20,5,UK,1,0,0,0,0,0,0,0,0,0,0,0,0,4,3,4,4,3,2,3,1,3,2,2,2,4,5,5,3,1,2,5,5,5,2,1,1,5,4,4,2,1,3,4,5,5,5,2,4,4,2,5,4,1,2,4,4,5,3,1,2,5,5,5,3,1,4,4,4,5,5,5,4,3,3,5,1,1,4,5,4,4,4,2,1,22680,
25/09/2018 02:05,25/09/2018 02:16,0,5.151.214.8,100,648,1,25/09/2018 02:16,R_1EcwtbweQwbBTz2,,,,,52.40660095,-1.512207031,anonymous,EN,1,1,22,3,India,1,1,0,1,0,1,1,1,1,1,1,0,0,4,1,4,3,1,2,2,1,3,3,2,2,2,4,4,3,3,3,4,3,3,4,5,4,3,4,2,3,4,3,4,3,2,4,5,1,4,3,4,1,4,3,2,2,4,4,4,3,4,4,4,4,3,2,4,2,2,3,5,2,2,3,5,2,2,4,4,3,4,4,3,3,22687,
25/09/2018 02:40,25/09/2018 02:47,0,124.13.103.163,100,424,1,25/09/2018 02:47,R_27poLFsdlMsVP5C,,,,,3.114898682,101.5869141,anonymous,EN,1,2,21,1,Malaysia ,2,0,0,0,1,0,1,1,0,1,1,0,1,1,2,2,3,2,4,2,2,3,1,2,1,2,5,3,4,4,4,4,4,4,4,4,4,4,5,4,3,4,2,4,4,2,4,1,4,2,4,4,2,5,5,4,4,3,3,4,5,4,4,4,2,2,4,4,4,2,4,5,4,4,2,4,2,2,5,1,4,5,2,2,4,20710,
25/09/2018 08:50,25/09/2018 08:56,0,49.127.158.199,100,345,1,25/09/2018 08:56,R_POqRUOHyHb8yEkp,,,,,-37.91059875,145.1347961,anonymous,EN,1,2,21,6,england,2,1,0,1,0,0,1,1,1,1,1,0,1,3,4,4,3,3,4,2,1,1,1,3,2,5,4,5,4,2,2,4,4,4,4,3,3,4,4,2,4,4,3,5,3,5,4,4,4,5,4,5,3,1,2,4,2,3,4,2,3,3,4,4,4,2,2,5,2,4,4,4,4,4,3,2,4,2,4,5,2,4,4,2,4,19960,
25/09/2018 09:03,25/09/2018 09:13,0,82.132.218.224,100,552,1,25/09/2018 09:13,R_1ezy6uBwUwEKdH9,,,,,51.49639893,-0.122406006,anonymous,EN,1,2,21,1,Cyprus,1,1,1,1,1,1,1,1,0,1,1,0,1,4,2,4,3,1,3,1,3,1,3,2,3,3,4,2,4,3,4,3,4,4,5,4,5,5,5,2,5,4,2,4,4,4,4,4,3,5,3,3,4,4,4,3,5,3,5,2,4,4,2,4,5,2,2,2,3,4,4,4,2,5,3,3,4,4,4,2,5,5,4,4,4,17550,
25/09/2018 10:40,25/09/2018 10:50,0,92.238.142.128,100,561,1,25/09/2018 10:50,R_2b4DYuvn4Y5zhVn,,,,,52.44140625,-1.499893188,anonymous,EN,1,2,25,4,Czech Republic,1,1,1,1,0,1,0,1,1,1,1,1,1,2,4,1,1,4,3,3,3,2,2,2,2,4,3,2,3,4,2,4,3,2,3,4,2,4,4,3,4,4,3,3,2,2,3,3,4,4,2,2,4,3,4,4,4,3,3,4,4,3,4,4,4,3,3,5,3,3,3,4,3,3,4,3,2,2,3,4,2,3,4,4,4,22550,
25/09/2018 11:17,25/09/2018 11:28,0,86.8.14.46,100,644,1,25/09/2018 11:28,R_3CMXy2kZ0s7EQRY,,,,,52.41670227,-1.550003052,anonymous,EN,1,2,20,5,Canada,2,1,1,0,1,1,1,1,0,1,1,1,1,4,3,3,4,1,2,2,2,2,3,3,3,4,5,2,4,2,2,2,4,4,3,5,4,4,4,5,2,5,4,3,4,5,4,4,4,2,5,3,2,3,3,2,4,4,2,5,4,2,4,4,3,4,5,4,4,4,5,4,4,2,5,4,2,2,1,4,5,5,2,4,5,22689,
25/09/2018 11:44,25/09/2018 12:00,0,92.238.142.128,100,965,1,25/09/2018 12:00,R_3jTbW6xcBMgnY5p,,,,,52.44140625,-1.499893188,anonymous,EN,1,1,23,4,Czech Republic,2,0,1,1,1,1,0,0,0,1,0,1,1,3,3,2,3,1,1,1,3,1,1,2,3,4,5,2,3,4,2,5,4,2,3,5,3,2,5,3,2,4,3,4,4,4,2,4,4,4,4,2,4,2,3,5,4,3,2,5,4,2,5,2,4,4,1,4,4,3,2,5,4,2,4,3,4,2,3,5,4,4,2,4,4,22579,
25/09/2018 12:55,25/09/2018 13:05,0,137.205.249.218,100,591,1,25/09/2018 13:05,R_21B5mHkMCX2r5I6,,,,,52.41670227,-1.550003052,anonymous,EN,1,2,29,7,Sri Lanka,1,0,0,0,0,0,0,0,0,0,0,0,1,3,2,2,4,3,3,1,2,1,2,1,1,1,3,2,4,5,5,3,3,5,1,5,5,3,5,2,2,4,2,4,3,2,4,2,4,2,2,2,2,4,2,4,3,3,2,4,5,4,5,4,2,4,2,4,3,2,2,5,3,2,3,2,2,4,4,1,2,2,2,5,4,22033,
25/09/2018 13:38,25/09/2018 13:55,0,137.205.239.206,100,989,1,25/09/2018 13:55,R_2QY56SbAckWZ6EG,,,,,52.41670227,-1.550003052,anonymous,EN,1,2,39,7,Sri Lanka,1,0,1,1,1,1,1,1,0,0,1,1,1,3,3,4,2,1,3,2,2,3,3,1,2,1,5,4,3,5,4,1,5,3,1,5,4,4,1,2,5,5,3,3,1,3,2,5,4,4,2,4,3,5,4,2,4,3,4,4,4,2,5,5,5,4,1,4,1,4,3,5,4,1,4,5,2,4,4,1,2,4,2,4,3,22034,
25/09/2018 15:01,25/09/2018 15:07,0,80.209.140.89,100,406,1,25/09/2018 15:07,R_3EtEwh2HVYwQ7vd,,,,,51.53329468,-0.183303833,anonymous,EN,1,2,19,2,India,1,0,1,1,1,1,1,1,0,1,1,0,1,4,2,3,3,1,3,2,2,1,3,3,3,5,5,5,5,2,3,3,5,4,4,1,5,5,4,2,2,1,1,3,5,5,5,4,2,5,4,5,5,2,5,4,5,3,5,1,5,5,5,4,5,1,1,3,5,5,5,4,1,5,5,4,5,2,4,1,4,2,5,1,5,22696,
25/09/2018 17:34,25/09/2018 17:41,0,137.205.1.42,100,399,1,25/09/2018 17:41,R_1P4NJ34gVjDzf5C,,,,,52.41670227,-1.550003052,anonymous,EN,1,2,21,4,Portugal,1,1,0,1,1,1,0,1,0,1,0,0,1,4,2,2,3,2,4,1,3,1,1,2,2,3,4,2,4,4,2,5,5,2,3,5,1,5,4,1,3,4,2,4,4,2,5,5,4,3,3,2,4,5,1,3,2,2,4,4,1,5,5,4,4,3,2,5,4,3,4,5,3,4,2,3,2,5,2,2,3,2,2,5,2,20629,
25/09/2018 21:47,25/09/2018 21:58,0,137.205.1.118,100,624,1,25/09/2018 21:58,R_1DqnWLZI0emToas,,,,,52.41670227,-1.550003052,anonymous,EN,1,1,18,3,UK,1,1,1,1,1,1,1,1,1,1,1,1,1,4,3,4,4,2,4,1,3,2,2,2,2,2,4,2,2,2,2,2,3,5,1,5,2,3,5,2,1,4,2,2,2,5,3,2,3,4,4,2,4,2,5,2,3,2,2,4,2,1,5,3,3,3,2,4,3,5,2,2,3,1,4,2,2,1,4,4,3,3,1,2,4,22642,
26/09/2018 14:56,26/09/2018 15:03,0,81.105.227.12,100,392,1,26/09/2018 15:03,R_3e4ujEQ3pzs5Nh6,,,,,52.30000305,-1.533294678,anonymous,EN,1,1,19,2,Hungary,1,0,0,0,0,0,0,0,0,0,0,0,0,2,3,1,1,1,4,1,1,2,3,3,3,5,4,1,4,3,4,5,5,3,3,5,5,5,3,3,4,1,5,5,4,2,2,3,5,5,2,2,3,2,5,5,5,3,2,5,1,5,3,4,4,3,5,5,1,2,4,2,5,5,4,4,1,3,2,5,3,2,4,3,5,21643,
26/09/2018 19:42,26/09/2018 19:50,0,95.148.252.215,100,457,1,26/09/2018 19:50,R_3fcloqOeiFuVi8n,,,,,51.88330078,0.566696167,anonymous,EN,1,2,20,6,England,1,1,1,1,1,0,1,1,0,0,1,0,1,2,1,4,1,4,3,1,3,2,1,3,1,2,4,2,4,4,5,4,4,4,4,5,2,5,5,1,4,4,1,5,3,3,4,4,4,4,5,2,4,4,5,2,5,3,4,5,5,4,4,3,3,2,3,3,4,4,4,4,5,4,4,2,3,3,5,5,3,3,4,2,5,21303,
27/09/2018 17:21,27/09/2018 17:30,0,137.205.238.22,100,525,1,27/09/2018 17:30,R_u7wA6PElR2aqUKd,,,,,52.41670227,-1.550003052,anonymous,EN,1,1,21,7,Pakistan,2,1,1,1,1,1,1,1,0,1,1,1,1,4,4,4,4,1,1,1,2,1,1,3,3,4,5,4,3,4,5,5,5,2,4,5,5,3,4,4,4,5,2,3,3,2,2,4,2,4,4,4,2,4,4,4,4,3,4,4,5,4,4,4,4,4,3,4,3,4,2,4,2,4,4,3,2,4,4,3,4,2,4,4,4,22719,
27/09/2018 18:00,27/09/2018 18:10,0,137.205.1.11,100,609,1,27/09/2018 18:10,R_SOTtJkuobcw9qNz,,,,,52.41670227,-1.550003052,anonymous,EN,1,1,19,7,Cyprus,1,0,0,0,0,0,0,0,0,0,0,0,0,2,2,3,2,3,1,1,1,3,1,2,2,2,2,1,2,1,1,5,4,2,4,4,1,5,2,3,4,3,1,4,2,2,4,3,1,4,2,1,2,1,2,4,2,2,4,3,1,4,2,1,4,2,1,4,2,2,3,3,1,4,2,2,4,4,2,4,2,2,4,4,1,22734,
27/09/2018 17:57,27/09/2018 18:10,0,137.205.1.8,100,812,1,27/09/2018 18:10,R_27ExwC5Xcr1gmX2,,,,,52.41670227,-1.550003052,anonymous,EN,1,2,18,2,UK,1,0,0,0,0,0,0,0,0,0,0,0,0,4,4,4,4,1,3,2,1,1,1,3,3,2,2,1,2,1,1,5,4,2,4,4,1,5,2,3,4,3,1,4,2,2,4,3,1,4,2,1,2,1,2,1,2,2,4,3,1,4,2,1,4,2,1,4,2,2,3,3,1,4,2,2,4,4,2,4,2,2,4,4,1,22722,
27/09/2018 22:56,27/09/2018 23:07,0,137.205.1.173,100,655,1,27/09/2018 23:07,R_26o5QEwL90zpk4d,,,,,52.41670227,-1.550003052,anonymous,EN,1,1,18,3,malaysia,2,1,1,1,1,0,1,0,0,1,0,1,1,3,4,2,3,2,2,3,2,2,1,2,1,2,4,2,4,2,3,2,4,3,2,4,4,1,3,2,2,2,3,4,5,3,3,2,4,2,2,2,2,3,2,4,4,3,1,4,2,4,3,4,2,2,5,3,4,2,3,4,5,2,3,1,2,4,2,3,4,5,3,2,4,22720,
28/09/2018 14:56,28/09/2018 15:02,0,86.166.86.65,100,371,1,28/09/2018 15:02,R_2ZVzn3svWe0BzUE,,,,,52.41670227,-1.550003052,anonymous,EN,1,1,21,2,Malaysia,2,0,1,1,0,0,1,1,1,1,1,1,0,1,3,3,3,4,3,2,3,3,2,1,3,2,3,4,3,2,4,4,4,4,4,5,5,2,5,3,4,4,3,4,4,3,5,1,3,2,3,4,2,3,4,5,4,3,4,4,5,3,5,3,5,4,3,4,3,5,4,3,4,1,3,4,3,4,4,2,2,4,4,2,5,21961,